Rank,High School,Total Students
1,Toplam,2308
2,AÇIK ÖĞRETİM LİSESİ ( - MERKEZE BAĞLI TAŞRA),142
3,TED ANKARA KOLEJİ VAKFI ÖZEL LİSESİ (ANKARA - GÖLBAŞI),127
4,ODTÜ GELİŞTİRME VAKFI ÖZEL LİSESİ (ANKARA - ÇANKAYA),60
5,ATATÜRK ANADOLU LİSESİ (ANKARA - YENİMAHALLE),48
6,İHSAN DOĞRAMACI VAKFI ÖZEL BİLKENT LABORATUAR LİSESİ (ERZURUM - YAKUTİYE),46
7,ANKARA ÖZEL TEVFİK FİKRET ANADOLU LİSESİ (ANKARA - ÇANKAYA),25
8,ÖZEL SEMBOL ANADOLU LİSESİ (ANKARA - ÇANKAYA),21
9,GAZİ ANADOLU LİSESİ (ANKARA - ÇANKAYA),19
10,ÖZEL BİLKENT LİSESİ (ANKARA - ÇANKAYA),18
11,ÖZEL NESİBE AYDIN FEN LİSESİ (ANKARA - GÖLBAŞI),18
12,ÖZEL NESİBE AYDIN YILDIZLAR FEN LİSESİ (ANKARA - ETİMESGUT),18
13,ÖZEL ARI ANADOLU LİSESİ (ANKARA - ÇANKAYA),16
14,ÖZEL NESİBE AYDIN ANADOLU LİSESİ (ANKARA - GÖLBAŞI),16
15,ANKARA FEN LİSESİ (ANKARA - ÇANKAYA),15
16,ANKARA ATATÜRK LİSESİ (ANKARA - ÇANKAYA),15
17,ÖZEL BİLFEN ÇAYYOLU FEN LİSESİ (ANKARA - ÇANKAYA),14
18,ÖZEL ANKARA MAYA ANADOLU LİSESİ (ANKARA - GÖLBAŞI),12
19,ÖZEL NESİBE AYDIN YILDIZLAR ANADOLU LİSESİ (ANKARA - ETİMESGUT),12
20,TEVFİK İLERİ ANADOLU İMAM HATİP LİSESİ (ANKARA - YENİMAHALLE),12
21,İZMİR FEN LİSESİ (İZMİR - BORNOVA),11
22,ÖZEL MATFEN EMRE KARATAŞ ANADOLU LİSESİ (ANKARA - ÇANKAYA),11
23,ÖZEL ARI FEN LİSESİ (ANKARA - ÇANKAYA),11
24,ÖZEL ANKARA ABC ANADOLU LİSESİ (ANKARA - ETİMESGUT),10
25,ÖZEL ÇANKAYA BAHÇEŞEHİR KOLEJİ 50.YIL FEN VE TEKNOLOJİ LİSESİ (ANKARA - ÇANKAYA),10
26,SINAV KOLEJİ ÖZEL ANKARA FEN LİSESİ (ANKARA - ÇANKAYA),10
27,ÖZEL MUSTAFA KEMAL FİNAL ANADOLU LİSESİ (ANKARA - ÇANKAYA),10
28,ÖZEL DİLTAŞ ANADOLU LİSESİ (KONYA - MERAM),10
29,ANKARA ÜNİVERSİTESİ GELİŞTİRME VAKFI OKULLARI ÖZEL ANADOLU LİSESİ (ANKARA - ÇANKAYA),9
30,ERBAKIR FEN LİSESİ (DENİZLİ - MERKEZEFENDİ),9
31,MEHMET EMİN RESULZADE ANADOLU LİSESİ (ANKARA - ÇANKAYA),9
32,ATATÜRK LİSESİ (İZMİR - KONAK),9
33,ÖZEL ÜÇLER ANADOLU LİSESİ (ANKARA - ÇANKAYA),9
34,ÖZEL MODERN NESİL TEMELLİ BİLGİ AKADEMİSİ ANADOLU LİSESİ (ANKARA - ÇANKAYA),8
35,SINAV KOLEJİ ÖZEL ANKARA ANADOLU LİSESİ (ANKARA - ÇANKAYA),8
36,PROF.DR.İLHAN KILIÇÖZLÜ FEN LİSESİ (KIRŞEHİR - MERKEZ),8
37,ÖZEL ÇAĞLAYAN ERKEK FEN LİSESİ (ANKARA - YENİMAHALLE),8
38,ÖZEL ÇANKAYA BAHÇEŞEHİR KOLEJİ 50.YIL ANADOLU LİSESİ (ANKARA - ÇANKAYA),8
39,ÖZEL GÜNDOĞDU FEN LİSESİ (ADANA - ÇUKUROVA),8
40,TED KAYSERİ KOLEJİ VAKFI ÖZEL LİSESİ (KAYSERİ - KOCASİNAN),8
41,ÖZEL İZMİR AMERİKAN KOLEJİ (İZMİR - KONAK),8
42,ÖZEL BİLFEN ÇAYYOLU ANADOLU LİSESİ (ANKARA - ÇANKAYA),7
43,TED ANTALYA KOLEJİ ÖZEL LİSESİ (ANTALYA - MURATPAŞA),7
44,ÖZEL TÜRK FEN LİSESİ (İZMİR - KONAK),7
45,TED ESKİŞEHİR KOLEJİ ÖZEL ANADOLU LİSESİ (ESKİŞEHİR - TEPEBAŞI),7
46,ÖZEL EGE LİSESİ (İZMİR - BORNOVA),7
47,ÖZEL RASİM ŞAHİNKAYA ANADOLU LİSESİ (BURSA - NİLÜFER),7
48,KADIKÖY ANADOLU LİSESİ (İSTANBUL - KADIKÖY),7
49,ÖZEL ÇAĞDAŞ ÖNCÜ FEN LİSESİ (BURSA - NİLÜFER),7
50,BORNOVA ANADOLU LİSESİ (İZMİR - BORNOVA),7
51,ÖZEL ATAYURT FEN LİSESİ (ESKİŞEHİR - TEPEBAŞI),6
52,ÖZEL BÜYÜK FEN LİSESİ (ANKARA - ÇANKAYA),6
53,ÖZEL DENGE EĞİTİM BİLSAN ANADOLU LİSESİ (ANKARA - ÇANKAYA),6
54,ÖZEL MAVİ GÖL FİNAL ANADOLU LİSESİ (ADANA - ÇUKUROVA),6
55,ÖZEL SEVGİ ANADOLU LİSESİ (ANKARA - GÖLBAŞI),6
56,GAZİ ÜNİVERSİTESİ VAKFI ÖZEL ANADOLU LİSESİ (ANKARA - ÇANKAYA),6
57,ÖZEL NOTRE DAME DE SION FRANSIZ LİSESİ (İSTANBUL - ŞİŞLİ),6
58,AYDEM FEN LİSESİ (DENİZLİ - MERKEZEFENDİ),6
59,KOCAELİ FEN LİSESİ (KOCAELİ - İZMİT),6
60,MANİSA FEN LİSESİ (MANİSA - YUNUSEMRE),6
61,ÖZEL ENKA FEN VE TEKNOLOJİ LİSESİ (KOCAELİ - DİLOVASI),6
62,BAŞKENT ÜNİVERSİTESİ ÖZEL AYŞEABLA ANADOLU LİSESİ (ANKARA - ÇANKAYA),6
63,ÖZEL ANKARA ABC FEN LİSESİ (ANKARA - ETİMESGUT),6
64,ÖZEL ANKARA NAZMİ ARIKAN FEN BİLİMLERİ ANADOLU LİSESİ (ANKARA - ÇANKAYA),6
65,GAZİ ÜNİVERSİTESİ VAKFI ÖZEL FEN LİSESİ (ANKARA - ÇANKAYA),6
66,KEÇİÖREN VATANSEVER ŞEHİT TÜMGENERAL AYDOĞAN AYDIN FEN LİSESİ (ANKARA - KEÇİÖREN),6
67,ÖZEL ÜÇGEN ANADOLU LİSESİ (ANKARA - ETİMESGUT),6
68,ÖZEL ÇAKABEY LİSESİ (İZMİR - ÇİĞLİ),6
69,ÖZEL YÜCE KOLEJİ (ANKARA - ÇANKAYA),6
70,AYRANCI ANADOLU LİSESİ (ANKARA - ÇANKAYA),6
71,ÖZEL JALE TEZER BİLİM FEN ANADOLU LİSESİ (ANKARA - ÇANKAYA),6
72,ÖZEL KEÇİÖREN SINAV ANADOLU LİSESİ (ANKARA - KEÇİÖREN),6
73,ÖZEL ANKARA AÇI KOLEJİ ANADOLU LİSESİ (ANKARA - YENİMAHALLE),6
74,ÖZEL TEKDEN FEN LİSESİ (KAYSERİ - MELİKGAZİ),6
75,ÖZEL MEHMET ZEKİ DERMAN ANADOLU LİSESİ (ANKARA - ÇANKAYA),6
76,ÖZEL MODERN ORTADOĞU ANADOLU LİSESİ (ANKARA - ÇANKAYA),5
77,ÖZEL ÜÇFEN ANADOLU LİSESİ (ANKARA - ÇANKAYA),5
78,ÜMİTKÖY ANADOLU LİSESİ (ANKARA - ÇANKAYA),5
79,ÖZEL RASİM ŞAHİNKAYA FEN LİSESİ (BURSA - NİLÜFER),5
80,ÖZEL YÜKSELEN FEN LİSESİ (ANKARA - ÇUBUK),5
81,BAŞKENT ÜNİVERSİTESİ ÖZEL AYŞEABLA FEN LİSESİ (ANKARA - ÇANKAYA),5
82,TRABZON MERKEZ FEN LİSESİ (TRABZON - ORTAHİSAR),5
83,ÖZEL MODERN ANKARA ÇINAR ANADOLU LİSESİ (ANKARA - ÇANKAYA),5
84,ÖZEL JALE TEZER BİLİM FEN LİSESİ (ANKARA - ÇANKAYA),5
85,ÖZEL ÇAYYOLU DOĞA ANADOLU LİSESİ (ANKARA - ÇANKAYA),5
86,ÖZEL OYA AKIN YILDIZLAR ANADOLU LİSESİ (ANKARA - ÇANKAYA),5
87,HAYDARPAŞA LİSESİ (İSTANBUL - ÜSKÜDAR),5
88,ÖZEL TUZKAYA ANADOLU LİSESİ (ANKARA - ÇANKAYA),5
89,İÇEL ANADOLU LİSESİ (MERSİN - MEZİTLİ),5
90,ÖZEL ISPARTA BAHÇEŞEHİR ANADOLU LİSESİ (ISPARTA - MERKEZ),5
91,ÖZEL ÇAĞDAŞ ÖNCÜ ANADOLU LİSESİ (BURSA - NİLÜFER),5
92,ÖZEL BATIKENT SINAV ANADOLU LİSESİ (ANKARA - YENİMAHALLE),4
93,ÖZEL EVRE FEN LİSESİ (MERSİN - YENİŞEHİR),4
94,ÖZEL SEVGİ FEN LİSESİ (ANKARA - GÖLBAŞI),4
95,ÖZEL YENİ YOL ANADOLU LİSESİ (ESKİŞEHİR - TEPEBAŞI),4
96,ÖZEL ANKARA ÇÖZÜM KOLEJİ ANADOLU LİSESİ (ANKARA - KEÇİÖREN),4
97,ÖZEL FIRAT İLHAN ANADOLU LİSESİ (ANKARA - GÖLBAŞI),4
98,HATAY FEN LİSESİ (HATAY - ANTAKYA),4
99,İSTANBUL ATATÜRK FEN LİSESİ (İSTANBUL - KADIKÖY),4
100,KABATAŞ ERKEK LİSESİ (İSTANBUL - BEŞİKTAŞ),4
101,MAT-FKB ÖZEL GELİŞİM FEN LİSESİ (ESKİŞEHİR - TEPEBAŞI),4
102,ÖZEL EVRE ANADOLU LİSESİ (MERSİN - YENİŞEHİR),4
103,BUCA İNCİ-ÖZER TIRNAKLI FEN LİSESİ (İZMİR - BUCA),4
104,İZMİR BÜYÜKÇİĞLİ ÖZEL TÜRK KOLEJİ FEN LİSESİ (İZMİR - ÇİĞLİ),4
105,ÖZEL GAZİANTEP NESİBE AYDIN FEN LİSESİ (GAZİANTEP - ŞEHİTKAMİL),4
106,ANKARA ÜNİVERSİTESİ GELİŞTİRME VAKFI ÖZEL FEN LİSESİ (ANKARA - ÇANKAYA),4
107,KIRIKKALE FEN LİSESİ (KIRIKKALE - MERKEZ),4
108,ÖZEL ANKARA ZAFER FEN LİSESİ (ANKARA - ETİMESGUT),4
109,ÖZEL ATAYURT ANADOLU LİSESİ (ESKİŞEHİR - TEPEBAŞI),4
110,ÖZEL BAHÇEŞEHİR ANADOLU LİSESİ (KAYSERİ - MELİKGAZİ),4
111,ÖZEL ENKA MESLEKİ VE TEKNİK ANADOLU LİSESİ (KOCAELİ - DİLOVASI),4
112,ÖZEL MATFEN ANADOLU LİSESİ (ANKARA - ÇANKAYA),4
113,ÖZEL OVACIK SINAV KOLEJİ ANADOLU LİSESİ (ANKARA - KEÇİÖREN),4
114,SAKARYA ANADOLU LİSESİ (SAKARYA - SERDİVAN),4
115,SAKARYA CEVAT AYHAN FEN LİSESİ (SAKARYA - ADAPAZARI),4
116,MENTEŞE TÜRKİYE ODALAR VE BORSALAR BİRLİĞİ FEN LİSESİ (MUĞLA - MENTEŞE),4
117,ÖZEL ANKARA ÇÖZÜM KOLEJİ FEN LİSESİ (ANKARA - KEÇİÖREN),4
118,ÖZEL BİLFEN ANADOLU LİSESİ (İZMİR - BORNOVA),4
119,ÖZEL ÖNCÜ KOLEJ ÇALDIRAN ANADOLU LİSESİ (ANKARA - KEÇİÖREN),4
120,ÖZEL SAMSUN BAHÇEŞEHİR KOLEJİ ATAKUM ANADOLU LİSESİ (SAMSUN - ATAKUM),4
121,ÖZEL ÜMİTKÖY FİNAL AKADEMİ ANADOLU LİSESİ (ANKARA - ÇANKAYA),4
122,ÖZEL İZMİR BAHÇEŞEHİR KOLEJİ ELLİNCİ YIL FEN VE TEKNOLOJİ LİSESİ (İZMİR - BORNOVA),4
123,ÖZEL PROFESYONEL EĞİTİM FEN LİSESİ (KONYA - SELÇUKLU),4
124,BETÜL CAN ANADOLU LİSESİ (ANKARA - ÇANKAYA),4
125,ÖZEL NAKKAŞTEPE BAHÇEŞEHİR KOLEJİ 50. YIL ANADOLU LİSESİ (İSTANBUL - ÜSKÜDAR),4
126,SIRRI YIRCALI ANADOLU LİSESİ (BALIKESİR - KARESİ),4
127,MEV KOLEJİ ÖZEL ANKARA FEN LİSESİ (ANKARA - ÇANKAYA),4
128,GÜZELBAHÇE 60.YIL ANADOLU LİSESİ (İZMİR - GÜZELBAHÇE),4
129,KARTAL ANADOLU İMAM HATİP LİSESİ (İSTANBUL - KARTAL),4
130,ÖZEL YENİ ADANA ORTADOĞU ANADOLU LİSESİ (ADANA - ÇUKUROVA),4
131,ŞEHİT OĞUZHAN YAŞAR ANADOLU LİSESİ (ANKARA - ETİMESGUT),4
132,MEV KOLEJİ ÖZEL ANKARA ANADOLU LİSESİ (ANKARA - ÇANKAYA),3
133,ÖZEL ANKARA EĞİTİM KURUMLARI FEN LİSESİ (ANKARA - ÇANKAYA),3
134,ÖZEL BATIKENT UĞUR ANADOLU LİSESİ (ANKARA - YENİMAHALLE),3
135,ÖZEL BÜYÜK KOLEJ (ANKARA - ÇANKAYA),3
136,ÖZEL ESKİŞEHİR BAHÇEŞEHİR ANADOLU LİSESİ (ESKİŞEHİR - TEPEBAŞI),3
137,ÖZEL SAINT JOSEPH FRANSIZ LİSESİ (İZMİR - KONAK),3
138,VEHBİ KOÇ VAKFI KOÇ ÖZEL LİSESİ (İSTANBUL - TUZLA),3
139,ÖZEL BİLFEN FEN LİSESİ (İZMİR - BORNOVA),3
140,ÖZEL SANKO KOLEJİ (GAZİANTEP - ŞEHİTKAMİL),3
141,15 TEMMUZ ŞEHİTLERİ FEN LİSESİ (ÇORUM - MERKEZ),3
142,BURSA ANADOLU LİSESİ (BURSA - OSMANGAZİ),3
143,KASTAMONU FEN LİSESİ (KASTAMONU - MERKEZ),3
144,ÖZEL KONYA NESİBE AYDIN FEN LİSESİ (KONYA - SELÇUKLU),3
145,ÖZKENT AKBİLEK FEN LİSESİ (ANKARA - ETİMESGUT),3
146,ÖZEL KOCAELİ NESİBE AYDIN FEN LİSESİ (KOCAELİ - İZMİT),3
147,ÖZEL TÜRK KOLEJİ ANADOLU LİSESİ (İZMİR - KONAK),3
148,HACI ÖMER TARMAN ANADOLU LİSESİ (ANKARA - ÇANKAYA),3
149,ÖZEL GÜLEÇ ABC FEN LİSESİ (KIRIKKALE - MERKEZ),3
150,ÖZEL MEZAİM KİRAZ FEN LİSESİ (ANKARA - POLATLI),3
151,ÖZEL MÜRÜVVET EVYAP FEN LİSESİ (İSTANBUL - SARIYER),3
152,TOFAŞ FEN LİSESİ (BURSA - NİLÜFER),3
153,CUMHURİYET FEN LİSESİ (ANKARA - ÇANKAYA),3
154,NİĞDE YUNUS EMRE ANADOLU LİSESİ (NİĞDE - MERKEZ),3
155,TOBB OSMANİYE FEN LİSESİ (OSMANİYE - MERKEZ),3
156,ÖZEL SINAV KOLEJİ ŞAHİN ANADOLU LİSESİ (KOCAELİ - KARTEPE),3
157,CAĞALOĞLU ANADOLU LİSESİ (İSTANBUL - FATİH),3
158,ÖZEL ADANA FİNAL FEN LİSESİ (ADANA - ÇUKUROVA),3
159,TED ZONGULDAK KOLEJİ VAKFI ÖZEL LİSESİ (ZONGULDAK - MERKEZ),3
160,ÖZEL TED ÇORUM ANADOLU LİSESİ (ÇORUM - MERKEZ),3
161,ERZİNCAN FEN LİSESİ (ERZİNCAN - MERKEZ),3
162,ESKİŞEHİR FATİH FEN LİSESİ (ESKİŞEHİR - ODUNPAZARI),3
163,MACİT ZEREN FEN LİSESİ (AMASYA - MERKEZ),3
164,ÖZEL ANKARA AÇI KOLEJİ FEN LİSESİ (ANKARA - YENİMAHALLE),3
165,İZMİR KIZ LİSESİ (İZMİR - KONAK),3
166,ARAŞTIRMA GELİŞTİRME EĞİTİM VE UYGULAMA MERKEZİ LİSESİ (İSTANBUL - ÜSKÜDAR),3
167,GALATASARAY ÜNİVERSİTESİ GALATASARAY LİSESİ (İSTANBUL - BEYOĞLU),3
168,NAZİLLİ FEN LİSESİ (AYDIN - NAZİLLİ),3
169,ÖZEL GÜZELBAHÇE BAHÇEŞEHİR KOLEJİ ANADOLU LİSESİ (İZMİR - GÜZELBAHÇE),3
170,ÖZEL MURADİYE ERKEK FEN LİSESİ (ANKARA - ALTINDAĞ),3
171,NİĞDE FEN LİSESİ (NİĞDE - MERKEZ),3
172,ÖZEL BAHÇEŞEHİR FEN LİSESİ (KAYSERİ - MELİKGAZİ),3
173,ÖZEL TARSUS AMERİKAN KOLEJİ (MERSİN - TARSUS),3
174,ÖZEL ÜSKÜDAR AMERİKAN LİSESİ (İSTANBUL - ÜSKÜDAR),3
175,ŞÜKRÜ ŞANKAYA ANADOLU LİSESİ (BURSA - OSMANGAZİ),3
176,TED ISPARTA KOLEJİ ÖZEL LİSESİ (ISPARTA - MERKEZ),3
177,TED KOCAELİ KOLEJİ ÖZEL ANADOLU LİSESİ (KOCAELİ - BAŞİSKELE),3
178,YUSUF ZİYA ÖNER FEN LİSESİ (ANTALYA - DÖŞEMEALTI),3
179,ADANA ANADOLU LİSESİ (ADANA - ÇUKUROVA),3
180,ÖZEL KIRŞEHİR ANADOLU LİSESİ (KIRŞEHİR - MERKEZ),3
181,ESKİŞEHİR ANADOLU LİSESİ (ESKİŞEHİR - TEPEBAŞI),3
182,MEV KOLEJİ ÖZEL GÜZELBAHÇE FEN LİSESİ (İZMİR - GÜZELBAHÇE),3
183,ÖZEL ÇAYYOLU BEYTEPE ANADOLU LİSESİ (ANKARA - ÇANKAYA),3
184,ÖZEL KONYA ŞEHİR ANADOLU LİSESİ (KONYA - SELÇUKLU),3
185,NAMIK KARAMANCI FEN LİSESİ (ANTALYA - MANAVGAT),3
186,ATAKUM ANADOLU İMAM HATİP LİSESİ (SAMSUN - ATAKUM),3
187,AKSARAY ŞEHİT PİLOT HAMZA GÜMÜŞSOY FEN LİSESİ (AKSARAY - MERKEZ),3
188,AYHAN SÜMER ANADOLU LİSESİ (ANKARA - ÇANKAYA),3
189,ÖZEL MOD ERYAMAN ANADOLU LİSESİ (ANKARA - ETİMESGUT),3
190,ÖZEL ÜÇ MART HALİL GÜLEÇ FEN LİSESİ (BURSA - NİLÜFER),3
191,TED BODRUM KOLEJİ ÖZEL ANADOLU LİSESİ (MUĞLA - BODRUM),3
192,ÖZEL ÇUKURAMBAR DOĞA ANADOLU LİSESİ (ANKARA - ÇANKAYA),3
193,İSTEK ÖZEL KEMAL ATATÜRK ANADOLU LİSESİ (İSTANBUL - SARIYER),3
194,ÖZEL KONYA SİSTEM FEN LİSESİ (KONYA - SELÇUKLU),3
195,ÖZEL BEŞTEPE ANADOLU LİSESİ (ANKARA - GÖLBAŞI),3
196,ÖZEL ÜMİTKÖY SINAV ANADOLU LİSESİ (ANKARA - ÇANKAYA),3
197,ÖZEL BEŞGEN ANADOLU LİSESİ (ANKARA - ÇANKAYA),3
198,ÖZEL TAN ANADOLU LİSESİ (BURSA - NİLÜFER),3
199,SELÇUKLU ANADOLU LİSESİ (KONYA - SELÇUKLU),3
200,ÖZEL DİYARBAKIR BAHÇEŞEHİR FEN LİSESİ (DİYARBAKIR - SUR),3
201,DÜZCE FEN LİSESİ (DÜZCE - MERKEZ),3
202,ÖZEL AŞİYAN ANADOLU LİSESİ (ANKARA - ÇANKAYA),2
203,ÖZEL BATI KAVRAM ANADOLI LİSESİ (ANKARA - YENİMAHALLE),2
204,ÖZEL BATIKENT YÖNDER ANADOLU LİSESİ (ANKARA - YENİMAHALLE),2
205,ÖZEL ERASLAN ANADOLU LİSESİ (İZMİR - KARŞIYAKA),2
206,ÖZEL İZMİR BAHÇEŞEHİR KOLEJİ ELLİNCİ YIL ANADOLU LİSESİ (İZMİR - BORNOVA),2
207,ÖZEL MERSİN BAHÇEŞEHİR ANADOLU LİSESİ (MERSİN - TOROSLAR),2
208,ÖZEL MESAİ KOLEJİ FEN LİSESİ (KAHRAMANMARAŞ - ONİKİŞUBAT),2
209,ÖZEL TÜRK KOLEJİ MARMARİS ANADOLU LİSESİ (MUĞLA - MARMARİS),2
210,ÖZEL YÜCE FEN LİSESİ (ANKARA - ÇANKAYA),2
211,ÖZEL ERYAMAN SINAV KOLEJİ ANADOLU LİSESİ (ANKARA - ETİMESGUT),2
212,ÖZEL YILDIZ SINAV ANADOLU LİSESİ (ANKARA - ÇANKAYA),2
213,SEVAL-AHMET ÇETİN FEN LİSESİ (TEKİRDAĞ - ÇERKEZKÖY),2
214,EREĞLİ FEN LİSESİ (KONYA - EREĞLİ),2
215,FATİH ANADOLU LİSESİ (MANİSA - YUNUSEMRE),2
216,KAYA KARAKAYA FEN LİSESİ (ELAZIĞ - MERKEZ),2
217,MERAM ANADOLU LİSESİ (KONYA - MERAM),2
218,MUAMMER DERELİ FEN LİSESİ (KOCAELİ - İZMİT),2
219,MUSTAFA KAYNAK ANADOLU LİSESİ (DENİZLİ - MERKEZEFENDİ),2
220,SELÇUKLU FEN LİSESİ (KONYA - SELÇUKLU),2
221,AKŞEHİR HACI SIDDIKA BAYSAL FEN LİSESİ (KONYA - AKŞEHİR),2
222,GÖLBAŞI ANADOLU LİSESİ (ANKARA - GÖLBAŞI),2
223,ÖZEL ARSUZ TEK KAMPÜS ANADOLU LİSESİ (HATAY - ARSUZ),2
224,ÖZEL BAŞARAN ANADOLU LİSESİ (KIRIKKALE - MERKEZ),2
225,ÖZEL KANYON ANADOLU LİSESİ (UŞAK - MERKEZ),2
226,ÖZEL ÖZ EVLER KAMPÜS ANADOLU LİSESİ (ANKARA - YENİMAHALLE),2
227,ÖZEL ÜÇ MART ULVİYE-ZİYA GÖKALP ÖZER ANADOLU LİSESİ (BURSA - NİLÜFER),2
228,HÜSEYİN AVNİ SÖZEN ANADOLU LİSESİ (İSTANBUL - ÜSKÜDAR),2
229,ÖZEL ADANA FEN LİSESİ (ADANA - SEYHAN),2
230,ÖZEL ANKARA FİNAL ANADOLU LİSESİ (ANKARA - YENİMAHALLE),2
231,ÖZEL BALGAT UĞUR ANADOLU LİSESİ (ANKARA - ÇANKAYA),2
232,ÖZEL ÇANKAYA KAMPÜS ANADOLU LİSESİ (ANKARA - ÇANKAYA),2
233,ÖZEL İSTEM KOLEJİ FEN LİSESİ (KAYSERİ - MELİKGAZİ),2
234,AKSU FEN LİSESİ (ANTALYA - AKSU),2
235,ÖZEL ÇORLU NAZMİ ARIKAN FEN BİLİMLERİ FEN LİSESİ (TEKİRDAĞ - ÇORLU),2
236,ÖZEL ETLİK SINAV ANADOLU LİSESİ (ANKARA - KEÇİÖREN),2
237,YUSUF KEMALETTİN PERİN FEN LİSESİ (İZMİR - BERGAMA),2
238,ÇİĞLİ FEN LİSESİ (İZMİR - ÇİĞLİ),2
239,EBRU NAYİM FEN LİSESİ (TEKİRDAĞ - SÜLEYMANPAŞA),2
240,ÖZEL BALIKESİR AÇI FEN LİSESİ (BALIKESİR - ALTIEYLÜL),2
241,ÖZEL KANYON KOLEJİ FEN LİSESİ (UŞAK - MERKEZ),2
242,ÖZEL SAMSUN FİNAL FEN LİSESİ (SAMSUN - ATAKUM),2
243,SÜLEYMAN DEMİREL FEN LİSESİ (AFYONKARAHİSAR - MERKEZ),2
244,TOKAT MİLLİ PİYANGO İHYA BALAK FEN LİSESİ (TOKAT - MERKEZ),2
245,ÖZEL ALTIN EĞİTİM ANADOLU LİSESİ (ANKARA - ETİMESGUT),2
246,ÖZEL BİLİM KOLEJİ ANADOLU LİSESİ (ANKARA - ÇANKAYA),2
247,ÖZEL İDEAL BEŞGEN ANADOLU LİSESİ (ANKARA - ÇANKAYA),2
248,ÖZEL İSTEK ANTALYA LARA ANADOLU LİSESİ (ANTALYA - MURATPAŞA),2
249,ÖZEL AFYONKARAHİSAR BAHÇEŞEHİR UĞUR ANADOLU LİSESİ (AFYONKARAHİSAR - MERKEZ),2
250,ÖZEL MAT TEMATİK KOLEJİ ANADOLU LİSESİ (BURSA - NİLÜFER),2
251,ÖZEL PROFESYONEL İLGİM ANADOLU LİSESİ (MUĞLA - MARMARİS),2
252,TED İSTANBUL KOLEJİ VAKFI ÖZEL LİSESİ (İSTANBUL - BEYKOZ),2
253,ÜMİTKÖY KIZ ANADOLU İMAM HATİP LİSESİ (ANKARA - ÇANKAYA),2
254,İSTANBULLUOĞLU SOSYAL BİLİMLER LİSESİ (BALIKESİR - KARESİ),2
255,ÖZEL ANKARA ZAFER ANADOLU LİSESİ (ANKARA - ETİMESGUT),2
256,ÖZEL BAŞAK ANADOLU LİSESİ (AYDIN - EFELER),2
257,ÖZEL BİLFEN ANTALYA ANADOLU LİSESİ (ANTALYA - MURATPAŞA),2
258,ÖZEL EMİNE ÖRNEK KOLEJİ (BURSA - MUDANYA),2
259,ÖZEL ESKİŞEHİR BAHÇEŞEHİR FEN VE TEKNOLOJİ LİSESİ (ESKİŞEHİR - TEPEBAŞI),2
260,ÖZEL HOŞDERE SINAV ANADOLU LİSESİ (ANKARA - ÇANKAYA),2
261,ÖZEL MUĞLA TEKNOLOJİ VE KÜLTÜR ANADOLU LİSESİ (MUĞLA - MENTEŞE),2
262,ÖZEL ORDU FİNAL FEN LİSESİ (ORDU - ALTINORDU),2
263,ÖZEL SAINT BENOIT FRANSIZ LİSESİ (İSTANBUL - BEYOĞLU),2
264,ÖZEL SAMSUN FİNAL KOLEJİ (SAMSUN - ATAKUM),2
265,ÖZEL YENİ ORTADOĞU FEN LİSESİ (DİYARBAKIR - KAYAPINAR),2
266,ÖZEL YÜKSELEN ANADOLU LİSESİ (ANKARA - ÇUBUK),2
267,TED KARADENİZ EREĞLİ KOLEJİ VAKFI ÖZEL LİSESİ (ZONGULDAK - EREĞLİ),2
268,YALVAÇ FEN LİSESİ (ISPARTA - YALVAÇ),2
269,ADANA FEN LİSESİ (ADANA - SEYHAN),2
270,ANKARA PURSAKLAR FEN LİSESİ (ANKARA - PURSAKLAR),2
271,BAHÇELİEVLER ANADOLU LİSESİ (İSTANBUL - BAHÇELİEVLER),2
272,ÇANAKKALE FEN LİSESİ (ÇANAKKALE - MERKEZ),2
273,KONYA- MERAM FEN LİSESİ (KONYA - MERAM),2
274,LÜTFİ EGE ANADOLU LİSESİ (DENİZLİ - MERKEZEFENDİ),2
275,ÖZEL İSTEK GAZİANTEP FEN LİSESİ (GAZİANTEP - ŞEHİTKAMİL),2
276,ÖZEL KONYA ŞEHİR FEN LİSESİ (KONYA - SELÇUKLU),2
277,POLATLI TOBB FEN LİSESİ (ANKARA - POLATLI),2
278,VECİHİ HÜRKUŞ ANADOLU LİSESİ (ANKARA - KEÇİÖREN),2
279,KANUNİ ANADOLU LİSESİ (TRABZON - ORTAHİSAR),2
280,ÖZEL ELVANKENT AYYILDIZ SINAV ANADOLU LİSESİ (ANKARA - ETİMESGUT),2
281,TRABZON SOSYAL BİLİMLER LİSESİ (TRABZON - ORTAHİSAR),2
282,ADAPAZARI ÖZEL ŞAHİN ANADOLU LİSESİ (SAKARYA - ADAPAZARI),2
283,MAHMUT SAMİ RAMAZANOĞLU ANADOLU İMAM HATİP LİSESİ (KONYA - SELÇUKLU),2
284,ÖZEL BİLFEN ANTALYA FEN LİSESİ (ANTALYA - MURATPAŞA),2
285,ÖZEL UFUK ÇİZGİSİ FEN LİSESİ (ESKİŞEHİR - ODUNPAZARI),2
286,ÖZEL İSTEK ANTALYA KONYAALTI FEN LİSESİ (ANTALYA - KONYAALTI),2
287,TED SAMSUN KOLEJİ ÖZEL LİSESİ (SAMSUN - ATAKUM),2
288,YAŞAR KIMIL FEN LİSESİ (DENİZLİ - PAMUKKALE),2
289,ÖZEL TOROS FEN LİSESİ (MERSİN - YENİŞEHİR),2
290,ŞEHİT ABDULKADİR KILAVUZ ANADOLU LİSESİ (UŞAK - MERKEZ),2
291,ÖZEL ANTALYA LARA BAHÇEŞEHİR ANADOLU LİSESİ (ANTALYA - MURATPAŞA),2
292,ÖZEL ERYAMAN BİLİM DOĞA ANADOLU LİSESİ (ANKARA - ETİMESGUT),2
293,ÖZEL SAMSUN BAHÇEŞEHİR KOLEJİ ATAKUM FEN VE TEKNOLOJİ LİSESİ (SAMSUN - ATAKUM),2
294,ŞEHİT KEMAL TOSUN ANADOLU İMAM HATİP LİSESİ (NİĞDE - MERKEZ),2
295,ÖZEL BAHÇEŞEHİR KOLEJİ BANDIRMA ŞUBESİ (BALIKESİR - BANDIRMA),2
296,ÖZEL NEVŞEHİR SİMYA FEN LİSESİ (NEVŞEHİR - MERKEZ),2
297,TED BURSA ÖZEL KOLEJİ (BURSA - MUDANYA),2
298,ŞEHİT MEHMET ŞENGÜL FEN LİSESİ (ESKİŞEHİR - TEPEBAŞI),2
299,TERAKKİ VAKFI ÖZEL ŞİŞLİ TERAKKİ TEPEÖREN ANADOLU LİSESİ (İSTANBUL - TUZLA),2
300,ÖZEL ERZİNCAN SINAV ANADOLU LİSESİ (ERZİNCAN - MERKEZ),2
301,SAMSUN GARİP ZEYCAN YILDIRIM FEN LİSESİ (SAMSUN - ATAKUM),2
302,ADEM-TOLUNAY ANADOLU LİSESİ (ANTALYA - MURATPAŞA),2
303,ÖZEL ELMADAĞ AÇI ANADOLU LİSESİ (ANKARA - ELMADAĞ),2
304,İSTANBUL ANADOLU LİSESİ (İSTANBUL - KADIKÖY),2
305,ÖZEL ALFA GRUP ANADOLU LİSESİ (ANKARA - ETİMESGUT),2
306,ÖZEL ÇİĞLİ FEN BİLİMLERİ ANADOLU LİSESİ (İZMİR - ÇİĞLİ),2
307,ÖZEL KİPAŞ FEN LİSESİ (KAHRAMANMARAŞ - ONİKİŞUBAT),2
308,ÖZEL TAN FEN LİSESİ (BURSA - NİLÜFER),2
309,SİVAS FEN LİSESİ (SİVAS - MERKEZ),2
310,ÖZEL GÜLEÇ ABC ANADOLU LİSESİ (KIRIKKALE - MERKEZ),2
311,GAZİANTEP KOLEJİ VAKFI ÖZEL FEN LİSESİ (GAZİANTEP - ŞEHİTKAMİL),2
312,NERMİN MEHMET ÇEKİÇ ANADOLU LİSESİ (ANKARA - YENİMAHALLE),2
313,ISPARTA SÜLEYMAN DEMİREL FEN LİSESİ (ISPARTA - MERKEZ),2
314,HASAN ALİ YÜCEL SOSYAL BİLİMLER LİSESİ (ANKARA - ÇANKAYA),2
315,ODTÜ GELİŞTİRME VAKFI ÖZEL MERSİN ANADOLU LİSESİ (MERSİN - TOROSLAR),2
316,ÖZEL BATIKENT TAB ANADOLU LİSESİ (ANKARA - YENİMAHALLE),2
317,ÖZEL İSTEK ANTALYA KONYAALTI ANADOLU LİSESİ (ANTALYA - KONYAALTI),2
318,TED İZMİR ÖZEL ANADOLU LİSESİ (İZMİR - URLA),2
319,ŞEHİT TURGUT SOLAK FEN LİSESİ (BALIKESİR - KARESİ),2
320,ÖZEL KADİRLİ BAHÇEŞEHİR KOLEJİ FEN LİSESİ (OSMANİYE - KADİRLİ),2
321,HALICI AHMET URKAY ANADOLU LİSESİ (MUĞLA - MARMARİS),2
322,MUSTAFA ELMAS ARICI ANADOLU LİSESİ (TEKİRDAĞ - SARAY),2
323,ÖZEL ANKARA UĞUR ANADOLU LİSESİ (ANKARA - ÇANKAYA),2
324,ÖZEL İLKE BİREY ANADOLU LİSESİ (TRABZON - ORTAHİSAR),2
325,ÖZEL İSTEM KOLEJİ ANADOLU LİSESİ (KAYSERİ - MELİKGAZİ),2
326,MUSA ERDEM ANADOLU LİSESİ (ANKARA - ÇANKAYA),2
327,ÖZEL KOCAELİ NESİBE AYDIN ANADOLU LİSESİ (KOCAELİ - İZMİT),2
328,ÖZEL OĞUZHAN TOPÇU ANADOLU LİSESİ (ANKARA - ÇANKAYA),2
329,ANKARA TÜRK TELEKOM SOSYAL BİLİMLER LİSESİ (ANKARA - ÇANKAYA),2
330,DR. İLHAMİ TANKUT ANADOLU LİSESİ (ANTALYA - KONYAALTI),2
331,PROF. DR. MÜMTAZ TURHAN SOSYAL BİLİMLER LİSESİ (İSTANBUL - BAHÇELİEVLER),2
332,HACI MALİKE MEHMET BİLEYDİ ANADOLU LİSESİ (ANTALYA - MURATPAŞA),2
333,KIRKKONAKLAR ANADOLU LİSESİ (ANKARA - ÇANKAYA),2
334,ÖZEL TAKEV ANADOLU LİSESİ (İZMİR - NARLIDERE),2
335,ÖZEL BİLNET OKULLARI KARŞIYAKA ANADOLU LİSESİ (İZMİR - MENEMEN),2
336,ATAKÖY CUMHURİYET ANADOLU LİSESİ (İSTANBUL - BAKIRKÖY),2
337,KÖY HİZMETLERİ ANADOLU LİSESİ (İSTANBUL - KARTAL),2
338,MESLEKİ AÇIKÖĞRETİM LİSESİ ( - MERKEZE BAĞLI TAŞRA),2
339,ÖZEL İSTEK ÇANAKKALE BİNDOKUZYÜZONBEŞ ANADOLU LİSESİ (ÇANAKKALE - MERKEZ),2
340,ÖZEL NEVŞEHİR SİMYA ANADOLU LİSESİ (NEVŞEHİR - MERKEZ),2
341,ÖZEL YAŞAM TASARIM ANADOLU LİSESİ (ANTALYA - ALANYA),2
342,TED ÖZEL EGE ANADOLU LİSESİ (AYDIN - İNCİRLİOVA),2
343,ENERJİSA BANDIRMA FEN LİSESİ (BALIKESİR - BANDIRMA),2
344,ÖZEL JALE TEZER FEN LİSESİ (ANKARA - ÇANKAYA),2
345,ÖZEL NAMIK ALTAŞ KOLEJİ FEN LİSESİ (ORDU - ALTINORDU),2
346,ÖZEL VARLIK ANADOLU LİSESİ (ANKARA - ÇANKAYA),2
347,ÇANAKKALE ÖZEL FEN LİSESİ (ÇANAKKALE - MERKEZ),2
348,ÖZEL ANTALYA MAYA ANADOLU LİSESİ (ANTALYA - MURATPAŞA),2
349,ŞEHZADELER GEDİZ ANADOLU LİSESİ (MANİSA - ŞEHZADELER),2
350,YAHYA AKEL FEN LİSESİ (MERSİN - YENİŞEHİR),2
351,MAT-FKB ÖZEL GELİŞİM ANADOLU LİSESİ (ESKİŞEHİR - TEPEBAŞI),2
352,KÜTAHYA NAFİ GÜRAL FEN LİSESİ (KÜTAHYA - MERKEZ),2
353,ANTALYA TÜRKİYE ODALAR VE BORSALAR BİRLİĞİ FEN LİSESİ (ANTALYA - KEPEZ),2
354,ADNAN MENDERES ANADOLU LİSESİ (İSTANBUL - BAHÇELİEVLER),2
355,KOCATEPE MİMAR KEMAL ANADOLU LİSESİ (ANKARA - ÇANKAYA),1
356,ÖZEL ADANA BİL KOLEJİ ANADOLU LİSESİ (ADANA - SEYHAN),1
357,ÖZEL ADANA DOĞA ANADOLU LİSESİ (ADANA - ÇUKUROVA),1
358,ÖZEL AMASYA KUTLUBEY KOLEJİ ANADOLU LİSESİ (AMASYA - MERKEZ),1
359,ÖZEL ANKARA AÇILIM KOLEJİ ANADOLU LİSESİ (ANKARA - ÇANKAYA),1
360,ÖZEL BAHÇEŞEHİR NAZMİ ARIKAN FEN BİLİMLERİ ANADOLU LİSESİ (İSTANBUL - BAŞAKŞEHİR),1
361,ÖZEL BALIKESİR SİMYA KOLEJİ (BALIKESİR - ALTIEYLÜL),1
362,ÖZEL BODRUM BAHÇEŞEHİR ANADOLU LİSESİ (MUĞLA - BODRUM),1
363,ÖZEL BODRUM MARMARA KOLEJİ FEN LİSESİ (MUĞLA - BODRUM),1
364,ÖZEL BUCA SINAV KOLEJİ ANADOLU LİSESİ (İZMİR - BUCA),1
365,ÖZEL ÇAĞFEN LİSESİ (ESKİŞEHİR - TEPEBAŞI),1
366,ÖZEL ÇAĞRI ANADOLU LİSESİ (ANKARA - KEÇİÖREN),1
367,ÖZEL ÇUKUROVA SIFIR BİR AKADEMİ ANADOLU LİSESİ (ADANA - ÇUKUROVA),1
368,ÖZEL DİYARBAKIR OKYANUS KOLEJİ FEN LİSESİ (DİYARBAKIR - KAYAPINAR),1
369,ÖZEL İSKENDERUN SINAV ANADOLU LİSESİ (HATAY - İSKENDERUN),1
370,ÖZEL KADİRLİ ELİT ÇUKUROVA ANADOLU LİSESİ (OSMANİYE - KADİRLİ),1
371,ÖZEL KUMLUCA SINAV ANADOLU LİSESİ (ANTALYA - KUMLUCA),1
372,ÖZEL MALTEPE SINAV KOLEJİ ANADOLU LİSESİ (İSTANBUL - MALTEPE),1
373,ÖZEL MANİSA BAHÇEŞEHİR KOLEJİ ANADOLU LİSESİ (MANİSA - YUNUSEMRE),1
374,ÖZEL MİLAS FİNAL AKADEMİ ANADOLU LİSESİ (MUĞLA - MİLAS),1
375,ÖZEL PURSAKLAR BİLİŞİM ANADOLU LİSESİ (ANKARA - PURSAKLAR),1
376,ÖZEL ŞANLIURFA SARAÇ İLGİ OKULLARI ANADOLU LİSESİ (ŞANLIURFA - KARAKÖPRÜ),1
377,ÖZEL ŞENER ÇAKMAK ANADOLU LİSESİ (ANKARA - YENİMAHALLE),1
378,ÖZEL TAYLAN DOĞAN FEN LİSESİ (GAZİANTEP - ŞEHİTKAMİL),1
379,ÖZEL ZAFER TEK YILDIZ TEMEL LİSESİ (ANKARA - ÇANKAYA),1
380,TED ALİAĞA KOLEJİ VAKFI ÖZEL LİSESİ (İZMİR - ALİAĞA),1
381,TED KARABÜK KOLEJİ VAKFI ÖZEL ANADOLU LİSESİ (KARABÜK - MERKEZ),1
382,YALOVA ANADOLU LİSESİ (YALOVA - MERKEZ),1
383,15 TEMMUZ ŞEHİTLERİ ANADOLU LİSESİ (ARTVİN - MERKEZ),1
384,ÖZEL ANTALYA AÇI ANADOLU LİSESİ (ANTALYA - MURATPAŞA),1
385,ÖZEL DERİK ÇÖZÜM ANADOLU LİSESİ (MARDİN - DERİK),1
386,ÖZEL GİRESUN DOĞA FEN LİSESİ (GİRESUN - MERKEZ),1
387,ÖZEL İZFEN ANADOLU LİSESİ (İZMİR - MENEMEN),1
388,ÖZEL ORTADOĞULULAR ANADOLU LİSESİ (ANKARA - ÇANKAYA),1
389,ÖZEL YÖNELT ANADOLU LİSESİ (MUĞLA - MENTEŞE),1
390,TED BATMAN PETROL KOLEJİ ÖZEL ANADOLU LİSESİ (BATMAN - MERKEZ),1
391,ADIYAMAN FEN LİSESİ (ADIYAMAN - MERKEZ),1
392,ÇARŞAMBA FEN LİSESİ (SAMSUN - ÇARŞAMBA),1
393,ÇEAS ANADOLU LİSESİ (ADANA - ÇUKUROVA),1
394,GAZİANTEP ANADOLU LİSESİ (GAZİANTEP - ŞEHİTKAMİL),1
395,MERİNOS ALİ ERDEMOĞLU FEN LİSESİ (ADIYAMAN - BESNİ),1
396,ÖZEL ATAK FEN LİSESİ (ADIYAMAN - MERKEZ),1
397,ÖZEL FORM KAMPÜS FEN LİSESİ (KONYA - SELÇUKLU),1
398,ÖZEL SALİHLİ BAHÇEŞEHİR KOLEJİ FEN LİSESİ (MANİSA - SALİHLİ),1
399,ÖZEL SANKO FEN VE TEKNOLOJİ LİSESİ (GAZİANTEP - ŞEHİTKAMİL),1
400,ŞEHİT AHMET ÖZSOY FEN LİSESİ (İZMİR - MENEMEN),1
401,VALİ AYDIN ARSLAN FEN LİSESİ (DİYARBAKIR - SUR),1
402,GİRESUN FEN LİSESİ (GİRESUN - MERKEZ),1
403,MERSİN EĞİTİM VAKFI ÖZEL TOROS ANADOLU LİSESİ (MERSİN - YENİŞEHİR),1
404,MUSTAFA BÜYÜKKAPLAN ANADOLU İMAM HATİP LİSESİ (KONYA - SELÇUKLU),1
405,NURAN YILMAZ ANADOLU LİSESİ (HATAY - ARSUZ),1
406,ÖZEL BİLİM KAMPÜS ANADOLU LİSESİ (DENİZLİ - MERKEZEFENDİ),1
407,ÖZEL ENVAR FEN LİSESİ (KONYA - SELÇUKLU),1
408,ÖZEL NEVŞEHİR BAHÇEŞEHİR FEN LİSESİ (NEVŞEHİR - MERKEZ),1
409,ÖZEL SELÇUKLU YÖNTEM ANADOLU LİSESİ (KONYA - SELÇUKLU),1
410,ÖZEL TEKİRDAĞ BİLGİ KOLEJİ ANADOLU LİSESİ (TEKİRDAĞ - SÜLEYMANPAŞA),1
411,YUSUF SAMİ KIZ ANADOLU İMAM HATİP LİSESİ (ŞANLIURFA - SİVEREK),1
412,ÖZEL ÇANKAYA DOĞA ANADOLU LİSESİ (ANKARA - ÇANKAYA),1
413,ÖZEL ŞENER ÇAKMAK FEN LİSESİ (ANKARA - YENİMAHALLE),1
414,ÖZEL BUCA SINAV KOLEJİ FEN LİSESİ (İZMİR - BUCA),1
415,ÖZEL DİYARBAKIR FİNAL FEN LİSESİ (DİYARBAKIR - KAYAPINAR),1
416,ÖZEL ERDEMLİ GENİŞ AÇI KOLEJİ ANADOLU LİSESİ (MERSİN - ERDEMLİ),1
417,ÖZEL MARDİN FİNAL FEN LİSESİ (MARDİN - ARTUKLU),1
418,SEYHAN BORSA İSTANBUL FEN LİSESİ (ADANA - SEYHAN),1
419,T.V. ÖZEL ŞİŞLİ TERAKKİ FEN LİSESİ (İSTANBUL - BEŞİKTAŞ),1
420,HASAN SABRİ ÇAVUŞOĞLU FEN LİSESİ (BARTIN - MERKEZ),1
421,ÖZEL TURGUTREİS UĞUR ANADOLU LİSESİ (MUĞLA - BODRUM),1
422,BOR ŞEHİT RAMAZAN KONUŞ FEN LİSESİ (NİĞDE - BOR),1
423,İSKENDERUN TOSÇELİK FEN LİSESİ (HATAY - İSKENDERUN),1
424,ÖZEL KARADAĞ FEN LİSESİ (KARAMAN - MERKEZ),1
425,ÖZEL MAVİ GÖL FİNAL FEN LİSESİ (ADANA - ÇUKUROVA),1
426,ÖZEL OSMANİYE BAHÇEŞEHİR KOLEJİ FEN LİSESİ (OSMANİYE - MERKEZ),1
427,ÖZEL VAN NAZMİ ARIKAN FEN BİLİMLERİ FEN LİSESİ (VAN - İPEKYOLU),1
428,ÇANKAYA BORSA İSTANBUL MESLEKİ VE TEKNİK ANADOLU LİSESİ (ANKARA - ÇANKAYA),1
429,DAVUT FIRINCIOĞLU ANADOLU LİSESİ (BARTIN - MERKEZ),1
430,FETHİYE ANADOLU LİSESİ (MUĞLA - FETHİYE),1
431,GAZİ ANADOLU LİSESİ (ANKARA - YENİMAHALLE),1
432,GAZİ MESLEKİ VE TEKNİK ANADOLU LİSESİ (ANKARA - YENİMAHALLE),1
433,KILIÇOĞLU ANADOLU LİSESİ (ESKİŞEHİR - ODUNPAZARI),1
434,MANİSA TİCARET BORSASI ANADOLU LİSESİ (MANİSA - YUNUSEMRE),1
435,NAMIK KEMAL LİSESİ (TEKİRDAĞ - SÜLEYMANPAŞA),1
436,ÖZEL BEŞGEN ÇAYYOLU ANADOLU LİSESİ (ANKARA - ÇANKAYA),1
437,ÖZEL BORNOVA MEKTEBİM ANADOLU LİSESİ (İZMİR - BORNOVA),1
438,ÖZEL CANER NALDÖKEN TEMEL LİSESİ (ANKARA - ÇANKAYA),1
439,ÖZEL CENAP DÜZGÜN ANADOLU LİSESİ (ANTALYA - MURATPAŞA),1
440,ÖZEL DARICA FİNAL ANADOLU LİSESİ (KOCAELİ - DARICA),1
441,ÖZEL NEVŞEHİR BAHÇEŞEHİR ANADOLU LİSESİ (NEVŞEHİR - MERKEZ),1
442,ÖZEL SEVİYE BATIKENT ANADOLU LİSESİ (ANKARA - YENİMAHALLE),1
443,ÖZEL ÜÇLER TEMEL LİSESİ (ANKARA - ÇANKAYA),1
444,ÖZEL YÖNTEM KOLEJİ ANADOLU LİSESİ (ANKARA - GÖLBAŞI),1
445,ALİ RIZA ÖZDERİCİ KIZ ANADOLU İMAM HATİP LİSESİ (KAYSERİ - MELİKGAZİ),1
446,ANKARA LİSESİ (ANKARA - ALTINDAĞ),1
447,KİPA 10. YIL ANADOLU LİSESİ (İZMİR - GAZİEMİR),1
448,ÖZEL ADANA ANADOLU LİSESİ (ADANA - SEYHAN),1
449,ÖZEL ALTINYILDIZ KOLEJİ (NEVŞEHİR - MERKEZ),1
450,ÖZEL ANTALYA DOĞA KOLEJİ (ANTALYA - MURATPAŞA),1
451,ÖZEL BAHÇEŞEHİR LİSESİ (İSTANBUL - BAŞAKŞEHİR),1
452,ÖZEL BATIKENT MELTEM AYHAN ANADOLU LİSESİ (ANKARA - YENİMAHALLE),1
453,ÖZEL ELAZIĞ DOĞA FEN LİSESİ (ELAZIĞ - MERKEZ),1
454,ÖZEL ERYAMAN OKUYAN DOĞRULAYAN TARTIŞAN UZMANLAR (ODTU) ANADOLU LİSESİ (ANKARA - ETİMESGUT),1
455,ÖZEL KARDELEN FEN LİSESİ (NEVŞEHİR - MERKEZ),1
456,ÖZEL MALATYA ELİT EĞİTİM ANADOLU LİSESİ (MALATYA - YEŞİLYURT),1
457,ÖZEL MODERN ÇAĞ ANADOLU LİSESİ (İZMİR - TORBALI),1
458,ÖZEL OVACIK SINAV KOLEJİ FEN LİSESİ (ANKARA - KEÇİÖREN),1
459,ÖZEL SAINT MICHEL FRANSIZ LİSESİ (İSTANBUL - ŞİŞLİ),1
460,ÖZEL SERDİVAN TEKSEN ANADOLU LİSESİ (SAKARYA - SERDİVAN),1
461,ÖZEL ŞANLIURFA YÜKSELİŞ KOLEJİ FEN VE TEKNOLOJİ LİSESİ (ŞANLIURFA - KARAKÖPRÜ),1
462,ÖZEL ÜMİTKÖY FİNAL AKADEMİ FEN LİSESİ (ANKARA - ÇANKAYA),1
463,TED AFYON KOLEJİ ÖZEL ANADOLU LİSESİ (AFYONKARAHİSAR - MERKEZ),1
464,TOBB FEN LİSESİ (ŞANLIURFA - HALİLİYE),1
465,YAVUZ SULTAN SELİM ANADOLU LİSESİ (ANKARA - MAMAK),1
466,ZONGULDAK FEN LİSESİ (ZONGULDAK - MERKEZ),1
467,GÜÇ KARDEŞLER ANADOLU LİSESİ (İSTANBUL - ÇEKMEKÖY),1
468,H. AHMET KANATLI ANADOLU LİSESİ (ESKİŞEHİR - ODUNPAZARI),1
469,ÖZEL ALAPLI BAHÇEŞEHİR KOLEJİ ANADOLU LİSESİ (ZONGULDAK - ALAPLI),1
470,ÖZEL AMERİKAN ROBERT LİSESİ (İSTANBUL - BEŞİKTAŞ),1
471,ÖZEL ARİTMETİK KOLEJİ FEN LİSESİ (ANKARA - ETİMESGUT),1
472,ÖZEL BİLFEN KAYSERİ ANADOLU LİSESİ (KAYSERİ - MELİKGAZİ),1
473,ÖZEL ÇORUM DOĞA FEN LİSESİ (ÇORUM - MERKEZ),1
474,ÖZEL DİYARBAKIR FİNAL ANADOLU LİSESİ (DİYARBAKIR - KAYAPINAR),1
475,ÖZEL ELBİSTAN YILDIZ KOLEJİ ANADOLU LİSESİ (KAHRAMANMARAŞ - ELBİSTAN),1
476,ÖZEL ERDEMLİ BİREY ANADOLU LİSESİ (MERSİN - ERDEMLİ),1
477,ÖZEL ERYAMAN SEVGİ ANADOLU LİSESİ (ANKARA - ETİMESGUT),1
478,ÖZEL FENTEK KOLEJİ FEN LİSESİ (KAYSERİ - KOCASİNAN),1
479,ÖZEL İSTANBUL LİDER KOLEJİ ANADOLU LİSESİ (DİYARBAKIR - KAYAPINAR),1
480,ÖZEL KAVAKLIDERE KOLEJİ ANADOLU LİSESİ (ANKARA - ÇANKAYA),1
481,ÖZEL KIZILAY GELİŞİM KOLEJİ ANADOLU LİSESİ (ANKARA - YENİMAHALLE),1
482,ÖZEL KONYA SİSTEM ANADOLU LİSESİ (KONYA - SELÇUKLU),1
483,ÖZEL MEKTEBİM ÇUKUROVA BİLFEN ANADOLU LİSESİ (ADANA - ÇUKUROVA),1
484,ÖZEL ONADIM EĞİTİM BİLİMLERİ ANADOLU LİSESİ (BARTIN - MERKEZ),1
485,ÖZEL SINAV ANADOLU LİSESİ (ANKARA - ÇANKAYA),1
486,ÖZEL TOKAT BAHÇEŞEHİR ANADOLU LİSESİ (TOKAT - MERKEZ),1
487,TED ÖZEL ADANA KOLEJİ ANADOLU LİSESİ (ADANA - SEYHAN),1
488,TED TRABZON ÖZEL ANADOLU LİSESİ (TRABZON - ORTAHİSAR),1
489,TEVFİK SERDAR ANADOLU LİSESİ (TRABZON - ORTAHİSAR),1
490,AKÇAABAT FEN LİSESİ (TRABZON - AKÇAABAT),1
491,BEŞİKTAŞ ANADOLU LİSESİ (İSTANBUL - BEŞİKTAŞ),1
492,ÇAPA FEN LİSESİ (İSTANBUL - FATİH),1
493,MERZİFON FEN LİSESİ (AMASYA - MERZİFON),1
494,NİZİP FEN LİSESİ (GAZİANTEP - NİZİP),1
495,ÖZEL BİLFEN İSKENDERUN FEN LİSESİ (HATAY - ARSUZ),1
496,ÖZEL ÇAĞDAŞ FEN LİSESİ (ESKİŞEHİR - TEPEBAŞI),1
497,ÖZEL HATAY BAHÇEŞEHİR FEN VE TEKNOLOJİ LİSESİ (HATAY - ANTAKYA),1
498,ÖZEL KONYA ESENTEPE FEN LİSESİ (KONYA - SELÇUKLU),1
499,ÖZEL OYA AKIN YILDIZLAR FEN LİSESİ (ANKARA - ÇANKAYA),1
500,TOBB FEN LİSESİ (GAZİANTEP - ŞAHİNBEY),1
501,BUCA MEHMET AKİF ERSOY SOSYAL BİLİMLER LİSESİ (İZMİR - BUCA),1
502,İSTANBUL RECEP TAYYİP ERDOĞAN ANADOLU İMAM HATİP LİSESİ (İSTANBUL - FATİH),1
503,ÖZEL ORDU UĞUR FEN LİSESİ (ORDU - ALTINORDU),1
504,ŞEHİT ERHAN DURAL ANADOLU LİSESİ (ANKARA - ÇANKAYA),1
505,İRFANLI ANADOLU LİSESİ (AMASYA - MERZİFON),1
506,MALATYA ERMAN ILICAK FEN LİSESİ (MALATYA - YEŞİLYURT),1
507,ÖZEL BATI ANADOLU LİSESİ (ANTALYA - MANAVGAT),1
508,ÖZEL PENDİK ÇÖZÜM AKADEMİ ANADOLU LİSESİ (İSTANBUL - PENDİK),1
509,ÖZEL AKHİSAR BAHÇEŞEHİR FEN LİSESİ (MANİSA - AKHİSAR),1
510,BAŞKENT ÜNİVERSİTESİ ÖZEL BAŞKENT KOLEJİ (ADANA - ÇUKUROVA),1
511,FLORYA TEVFİK ERCAN ANADOLU LİSESİ (İSTANBUL - BAKIRKÖY),1
512,MANİSA TOBB BÜLENT KOŞMAZ FEN LİSESİ (MANİSA - YUNUSEMRE),1
513,ÖZEL DENİZLİ İSTEK ANADOLU LİSESİ (DENİZLİ - MERKEZEFENDİ),1
514,ÖZEL DİLTAŞ KIRKINCI YIL ANADOLU LİSESİ (KONYA - SELÇUKLU),1
515,ÖZEL KARABÜK BAHÇEŞEHİR KOLEJİ FEN LİSESİ (KARABÜK - MERKEZ),1
516,ÖZEL KÜRE ANADOLU LİSESİ (İZMİR - BORNOVA),1
517,ÖZEL P.E.V. AMİROĞLU FEN LİSESİ (DENİZLİ - PAMUKKALE),1
518,ÖZEL SINAV KOLEJİ ŞAHİN FEN LİSESİ (KOCAELİ - KARTEPE),1
519,ÖZEL YENİ YOL FEN LİSESİ (ESKİŞEHİR - TEPEBAŞI),1
520,DÜZCE TURGUT ÖZAL ANADOLU LİSESİ (DÜZCE - MERKEZ),1
521,KARŞIYAKA CİHAT KORA ANADOLU LİSESİ (İZMİR - KARŞIYAKA),1
522,75.YIL FEN LİSESİ (MERSİN - AKDENİZ),1
523,ÖZEL ALTINŞEHİR ANADOLU LİSESİ (BURSA - NİLÜFER),1
524,ÖZEL ANTALYA FİNAL AKADEMİ ANADOLU LİSESİ (ANTALYA - MURATPAŞA),1
525,ÖZEL ARTI DESTEK ANADOLU LİSESİ (ANKARA - ÇANKAYA),1
526,ÖZEL BİLNET ANADOLU LİSESİ (BALIKESİR - ALTIEYLÜL),1
527,ÖZEL ENKA LİSESİ (İSTANBUL - SARIYER),1
528,ÖZEL EVRENSEL FEN LİSESİ (ANKARA - ÇANKAYA),1
529,ÖZEL MEZİTLİ FİNAL FEN LİSESİ (MERSİN - MEZİTLİ),1
530,ALPARSLAN ANADOLU LİSESİ (ANKARA - YENİMAHALLE),1
531,İZMİR BÜYÜK ÇİĞLİ ÖZEL TÜRK KOLEJİ ANADOLU LİSESİ (İZMİR - ÇİĞLİ),1
532,MALATYA LİSESİ (MALATYA - BATTALGAZİ),1
533,MED MARİNE TUNCER ŞEN FEN LİSESİ (KOCAELİ - KÖRFEZ),1
534,ÖZEL VAN YÜKSELİŞ FEN LİSESİ (VAN - İPEKYOLU),1
535,ALTINŞEHİR ANADOLU LİSESİ (ADIYAMAN - MERKEZ),1
536,İSTANBUL ATATÜRK ANADOLU LİSESİ (İSTANBUL - BEYOĞLU),1
537,ÖZEL ELAZIĞ FİNAL ANADOLU LİSESİ (ELAZIĞ - MERKEZ),1
538,ŞİLE OYA-ALİ OSMAN KEÇECİ SOSYAL BİLİMLER LİSESİ (İSTANBUL - ŞİLE),1
539,YÜKSEL-İLHAN ALANYALI FEN LİSESİ (İSTANBUL - KARTAL),1
540,DOKUZ EYLÜL ÜNİVERSİTESİ DEVLET KONSERVATUVARI MÜZİK VE SAHNE SANATLARI LİSESİ (İZMİR - BUCA),1
541,ÖZEL BURHANİYE UĞUR ANADOLU LİSESİ (BALIKESİR - BURHANİYE),1
542,ÖZEL ELAZIĞ BAHÇEŞEHİR ANADOLU LİSESİ (ELAZIĞ - MERKEZ),1
543,ÖZEL YAVUZOĞLU ANADOLU LİSESİ (AFYONKARAHİSAR - MERKEZ),1
544,AYRANCI AYSEL YÜCETÜRK ANADOLU LİSESİ (ANKARA - ÇANKAYA),1
545,BATIKENT LİSESİ (ANKARA - YENİMAHALLE),1
546,İZMİR MALTEPE ASKERİ LİSESİ,1
547,AHMET KABAKLI FEN LİSESİ (ELAZIĞ - MERKEZ),1
548,ERZURUM İBRAHİM HAKKI FEN LİSESİ (ERZURUM - PALANDÖKEN),1
549,HATİCE-CEMİL ERCAN FEN LİSESİ (ANKARA - BEYPAZARI),1
550,KAHTA BORSA İSTANBUL FEN LİSESİ (ADIYAMAN - KAHTA),1
551,ÖZEL ERYAMAN SINAV ANADOLU LİSESİ (ANKARA - ETİMESGUT),1
552,ÖZEL HAREKAT ŞEHİTLERİ ANADOLU İMAM HATİP LİSESİ (ANKARA - ÇANKAYA),1
553,ÖZEL NESİBE AYDIN YILDIZLAR TEMEL LİSESİ (ANKARA - ÇANKAYA),1
554,ÖZEL PENDİK BİL ANADOLU LİSESİ (İSTANBUL - PENDİK),1
555,15 TEMMUZ ŞEHİTLER ANADOLU LİSESİ (BURDUR - MERKEZ),1
556,KIRŞEHİR SOSYAL BİLİMLER LİSESİ (KIRŞEHİR - MERKEZ),1
557,ÖZEL ÇAĞLAYAN ERKEK ANADOLU LİSESİ (ANKARA - YENİMAHALLE),1
558,ÖZEL ERYAMAN MODERN BİLİMLER AKADEMİSİ ANADOLU LİSESİ (ANKARA - ETİMESGUT),1
559,SÜLEYMAN DEMİREL ANADOLU LİSESİ (ANKARA - SİNCAN),1
560,ŞEHİT MUSTAFA SERİN FEN LİSESİ (BALIKESİR - EDREMİT),1
561,YILDIRIM BEYAZIT ANADOLU LİSESİ (KIRIKKALE - MERKEZ),1
562,ÖZEL AKIL TRENİ KOLEJİ (ATK) ANADOLU LİSESİ (KAHRAMANMARAŞ - ONİKİŞUBAT),1
563,ARNAVUTKÖY KORKMAZ YİĞİT ANADOLU LİSESİ (İSTANBUL - BEŞİKTAŞ),1
564,GÖNÜLLÜ HİZMET VAKFI MUSTAFA SAFFET FEN LİSESİ (İSTANBUL - PENDİK),1
565,İZZET BAYSAL ANADOLU LİSESİ (BOLU - MERKEZ),1
566,ÖZEL ABDULLAH YÜKSEL İVME ANADOLU LİSESİ (ANKARA - ÇANKAYA),1
567,ÖZEL ATAEL FEN LİSESİ (ANKARA - YENİMAHALLE),1
568,ÖZEL BALIKESİR AÇI ANADOLU LİSESİ (BALIKESİR - ALTIEYLÜL),1
569,ÖZEL GEBZE BAHÇEŞEHİR FEN VE TEKNOLOJİ LİSESİ (KOCAELİ - GEBZE),1
570,ÖZEL IŞIN YAMAN ANADOLU LİSESİ (ANKARA - POLATLI),1
571,ÖZEL KARS BAHÇEŞEHİR KOLEJİ ANADOLU LİSESİ (KARS - MERKEZ),1
572,ÖZEL OĞUZHAN ÖZKAYA ANADOLU LİSESİ (İZMİR - GÜZELBAHÇE),1
573,ÖZEL PROFESYONEL EĞİTİM ANADOLU LİSESİ (KONYA - SELÇUKLU),1
574,ÖZEL UZMANLAR ANADOLU LİSESİ (YALOVA - MERKEZ),1
575,ANITTEPE ANADOLU LİSESİ (ANKARA - ÇANKAYA),1
576,ÖZEL KANGURU FEN LİSESİ (MALATYA - YEŞİLYURT),1
577,BARTIN LİSESİ (BARTIN - MERKEZ),1
578,ERDEM BAYAZIT ANADOLU LİSESİ (KAHRAMANMARAŞ - ONİKİŞUBAT),1
579,ERZURUM TÜRK TELEKOM NURETTİN TOPÇU SOSYAL BİLİMLER LİSESİ (ERZURUM - PALANDÖKEN),1
580,FATİH SULTAN MEHMET ANADOLU LİSESİ (BARTIN - MERKEZ),1
581,ÖZEL BAHÇEŞEHİR KOLEJİ KUZEY KAMPÜSÜ ANADOLU LİSESİ (İZMİR - MENEMEN),1
582,ÖZEL TÜRK YURDU KOLEJİ (ANKARA - KEÇİÖREN),1
583,SEZAİ KARAKOÇ ANADOLU LİSESİ (DİYARBAKIR - YENİŞEHİR),1
584,ŞEHİT ÖMER HALİSDEMİR ANADOLU İMAM HATİP LİSESİ (ANKARA - YENİMAHALLE),1
585,ULUBATLI HASAN ANADOLU LİSESİ (BURSA - YILDIRIM),1
586,ULUSLARARASI MURAT HÜDAVENDİGAR ANADOLU İMAM HATİP LİSESİ (BURSA - OSMANGAZİ),1
587,AHMET CEVDET PAŞA SOSYAL BİLİMLER LİSESİ (AKSARAY - MERKEZ),1
588,ILGIN TİCARET BORSASI FEN LİSESİ (KONYA - ILGIN),1
589,İSTANBUL ERKEK LİSESİ (İSTANBUL - FATİH),1
590,ÖZEL BİLNET FEN LİSESİ (BALIKESİR - ALTIEYLÜL),1
591,ÖZEL GAZİPAŞA FİNAL AKADEMİ ANADOLU LİSESİ (ANTALYA - GAZİPAŞA),1
592,ÖZEL SERDAR ANADOLU LİSESİ (ANKARA - ÇANKAYA),1
593,YASEMİN ERMAN BALSU ANADOLU LİSESİ (GAZİANTEP - ŞEHİTKAMİL),1
594,YOZGAT ŞEHİTLER FEN LİSESİ (YOZGAT - MERKEZ),1
595,ÇANKAYA ANADOLU LİSESİ (ANKARA - ÇANKAYA),1
596,MEHMET ZAKİR EKNİ ANADOLU LİSESİ (ANKARA - ÇANKAYA),1
597,MUĞLA GAZİ ANADOLU LİSESİ (MUĞLA - MENTEŞE),1
598,NERİMAN-EROL YILMAZ SOSYAL BİLİMLER LİSESİ (ANTALYA - KEPEZ),1
599,ÖZEL ANKA BİLİM ANADOLU LİSESİ (ANKARA - GÖLBAŞI),1
600,ÖZEL ANTALYA SINAV ANADOLU LİSESİ (ANTALYA - MURATPAŞA),1
601,ÖZEL EKİN ANADOLU LİSESİ (İZMİR - MENEMEN),1
602,ÖZEL İZMİT UĞUR ANADOLU LİSESİ (KOCAELİ - İZMİT),1
603,ÖZEL KAHRAMANLAR ANADOLU LİSESİ (ANKARA - YENİMAHALLE),1
604,ÖZEL KARİYER KOLEJİ FEN LİSESİ (ANKARA - YENİMAHALLE),1
605,ÖZEL MÜRÜVVET EVYAP KOLEJİ (İSTANBUL - SARIYER),1
606,ÖZEL NARLIDERE UĞUR ANADOLU LİSESİ (İZMİR - NARLIDERE),1
607,ÖZEL NOVA FEN LİSESİ (BURSA - NİLÜFER),1
608,ÖZEL SERDİVAN ALTINKÜRE FEN LİSESİ (SAKARYA - SERDİVAN),1
609,ÖZEL TÜRMAK ANADOLU LİSESİ (KONYA - SELÇUKLU),1
610,ÖZEL ZEHRA ANADOLU LİSESİ (ANKARA - YENİMAHALLE),1
611,SELÇUKLU ANADOLU LİSESİ (ANKARA - YENİMAHALLE),1
612,BEŞİKDÜZÜ BORSA İSTANBUL FEN LİSESİ (TRABZON - BEŞİKDÜZÜ),1
613,KOZAN FEN LİSESİ (ADANA - KOZAN),1
614,NECMİ ASFUROĞLU ANADOLU LİSESİ (HATAY - DEFNE),1
615,ÖZEL LİSAN FEN EĞİTİM KURUMLARI KUZEY FEN LİSESİ (MERSİN - YENİŞEHİR),1
616,ŞEHİT NURULLAH SABIRER FEN LİSESİ (AKSARAY - ORTAKÖY),1
617,YALOVA-TERMAL FEN LİSESİ (YALOVA - MERKEZ),1
618,FMV ÖZEL ISPARTAKULE IŞIK LİSESİ (İSTANBUL - AVCILAR),1
619,ÖZEL AKŞEHİR FİNAL ANADOLU LİSESİ (KONYA - AKŞEHİR),1
620,ÖZEL BATIKENT ÇAKIRLAR SINAV ANADOLU LİSESİ (ANKARA - YENİMAHALLE),1
621,ÖZEL ELAZIĞ YÖNTEMİM FEN LİSESİ (ELAZIĞ - MERKEZ),1
622,ÖZEL ELİT EGE ANADOLU LİSESİ (MANİSA - YUNUSEMRE),1
623,ÖZEL ETİMESGUT FİNAL AKADEMİ ANADOLU LİSESİ (ANKARA - ETİMESGUT),1
624,ÖZEL İŞLEM ANADOLU LİSESİ (ANKARA - ÇANKAYA),1
625,ÖZEL KARTAL BAHÇEŞEHİR KOLEJİ ANADOLU LİSESİ (İSTANBUL - KARTAL),1
626,ÖZEL SEV LİSESİ (İSTANBUL - ÇEKMEKÖY),1
627,TED HATAY KOLEJİ ÖZEL ANADOLU LİSESİ (HATAY - DEFNE),1
628,ÖZEL BİLTEPE ANADOLU LİSESİ (OSMANİYE - KADİRLİ),1
629,ÖZEL ÇAĞLAYAN KIZ FEN LİSESİ (ANKARA - YENİMAHALLE),1
630,ÖZEL ERDEM FEN LİSESİ (GAZİANTEP - ŞAHİNBEY),1
631,ÖZEL KIRŞEHİR SİMYA FEN LİSESİ (KIRŞEHİR - MERKEZ),1
632,YILMAZ KAYALAR FEN LİSESİ (TOKAT - ERBAA),1
633,ÖZEL GAZİANTEP SEMPATİ FEN LİSESİ (GAZİANTEP - ŞEHİTKAMİL),1
634,ŞEHİT EYYÜP OĞUZ ANADOLU İMAM HATİP LİSESİ (ELAZIĞ - MERKEZ),1
635,ADİLE MERMERCİ ANADOLU LİSESİ (İSTANBUL - ZEYTİNBURNU),1
636,ÖZEL ANTALYA MUSTAFA KEMAL ANADOLU LİSESİ (ANTALYA - KONYAALTI),1
637,ÖZEL SAMSUN DOĞA ANADOLU LİSESİ (SAMSUN - ATAKUM),1
638,İSTEK ÖZEL BİLGE KAĞAN ANADOLU LİSESİ (İSTANBUL - BAKIRKÖY),1
639,İZMİR ÖZEL TEVFİK FİKRET LİSESİ (İZMİR - KONAK),1
640,NİYAZİ MISRİ SOSYAL BİLİMLER LİSESİ (MALATYA - BATTALGAZİ),1
641,ÖZEL ANTALYA RENK ANADOLU LİSESİ (ANTALYA - MURATPAŞA),1
642,ÖZEL BAHÇEŞEHİR KÖRFEZ ANADOLU LİSESİ (BALIKESİR - BURHANİYE),1
643,ÖZEL BİLFEN İSKENDERUN ANADOLU LİSESİ (HATAY - ARSUZ),1
644,ÖZEL BİLGEKENT ANADOLU LİSESİ (OSMANİYE - KADİRLİ),1
645,ÖZEL ÇINAR ANADOLU LİSESİ (İSTANBUL - BAŞAKŞEHİR),1
646,ÖZEL DOĞRU NETİCE ANADOLU LİSESİ (İSTANBUL - ŞİŞLİ),1
647,ÖZEL EVRENSEL MATEMATİK KÖYÜ KOLEJİ ANADOLU LİSESİ (KOCAELİ - İZMİT),1
648,ÖZEL ÖZEN ANADOLU LİSESİ (MERSİN - YENİŞEHİR),1
649,ÖZEL PEREN ANADOLU LİSESİ (KONYA - MERAM),1
650,ÖZEL SÖKE KÜLTÜR ANADOLU LİSESİ (AYDIN - SÖKE),1
651,ÖZEL TOKAT SINAV ANADOLU LİSESİ (TOKAT - MERKEZ),1
652,TED ÖZEL ATAKENT ANADOLU LİSESİ (İSTANBUL - KÜÇÜKÇEKMECE),1
653,ÖZEL BAĞLICA FİNAL AKADEMİ ANADOLU LİSESİ (ANKARA - ETİMESGUT),1
654,ÖZEL ÇAĞRI FEN LİSESİ (ANKARA - KEÇİÖREN),1
655,ÖZEL KARŞIYAKA ÖRNEKKÖY UĞUR ANADOLU LİSESİ (İZMİR - KARŞIYAKA),1
656,ÖZEL KONYA ESENTEPE ANADOLU LİSESİ (KONYA - SELÇUKLU),1
657,ÖZEL KOŞUYOLU CADDEM ANADOLU LİSESİ (İSTANBUL - KADIKÖY),1
658,ÖZEL TÜMAY ANADOLU LİSESİ (ANKARA - ÇANKAYA),1
659,ÖZEL YOZGAT AKADEMİ YENİ ÇİZGİ ANADOLU LİSESİ (YOZGAT - MERKEZ),1
660,ATATÜRK LİSESİ (ESKİŞEHİR - ODUNPAZARI),1
661,FMV. ÖZEL ERENKÖY IŞIK LİSESİ (İSTANBUL - KADIKÖY),1
662,GAZİ OSMAN PAŞA LİSESİ (TOKAT - MERKEZ),1
663,M.EMİN SARAÇ ANADOLU İMAM HATİP LİSESİ (TOKAT - MERKEZ),1
664,O.D.T.Ü. GELİŞTİRME VAKFI ÖZEL KAYSERİ ANADOLU LİSESİ (KAYSERİ - KOCASİNAN),1
665,ÖZEL ALTIN ŞEHİR FEN LİSESİ (BURSA - NİLÜFER),1
666,ÖZEL ANTALYA BİL ANADOLU LİSESİ (ANTALYA - KONYAALTI),1
667,ÖZEL BORNOVA ANADOLU LİSESİ (İZMİR - BORNOVA),1
668,ÖZEL DİKMEN HAZIRLIK KOLEJİ ANADOLU LİSESİ (ANKARA - ÇANKAYA),1
669,ÖZEL GÜNHAN KOLEJİ (İSTANBUL - MALTEPE),1
670,ÖZEL MERSİN EVRENSEL KÜLTÜR ANADOLU LİSESİ (MERSİN - YENİŞEHİR),1
671,ÖZEL OSMANİYE ENDER KOLEJİ (OSMANİYE - MERKEZ),1
672,ÖZEL SAKARYA YANKI KOLEJİ ANADOLU LİSESİ (SAKARYA - ADAPAZARI),1
673,ÖZEL UZMANLAR FEN LİSESİ (YALOVA - MERKEZ),1
674,SAMİ YANGIN ANADOLU LİSESİ (KAYSERİ - KOCASİNAN),1
675,AYDIN FEN LİSESİ (AYDIN - EFELER),1
676,ÖZEL DENİZLİ BAHÇELİEVLER UĞUR FEN LİSESİ (DENİZLİ - MERKEZEFENDİ),1
677,ÖZEL METOD ANADOLU LİSESİ (ANKARA - YENİMAHALLE),1
678,ÖZEL ZEHRA FEN LİSESİ (ANKARA - YENİMAHALLE),1
679,EMLAKBANK SÜLEYMAN DEMİREL ANADOLU LİSESİ (İZMİR - KARŞIYAKA),1
680,İSTEK ÖZEL SEMİHA ŞAKİR ANADOLU LİSESİ (İSTANBUL - KADIKÖY),1
681,İSTEK ÖZEL ULUĞBEY ANADOLU LİSESİ (İSTANBUL - KARTAL),1
682,ORDU SOSYAL BİLİMLER LİSESİ (ORDU - PERŞEMBE),1
683,ÖZEL ADEM SOYDEMİR ANADOLU LİSESİ (ANKARA - ÇANKAYA),1
684,ÖZEL ÇANKIRI BAHÇEŞEHİR KOLEJİ ANADOLU LİSESİ (ÇANKIRI - MERKEZ),1
685,ÖZEL FLORYA FİNAL ANADOLU LİSESİ (İSTANBUL - BAKIRKÖY),1
686,ÖZEL KASTAMONU TEMA KOLEJİ FEN LİSESİ (KASTAMONU - MERKEZ),1
687,ÖZEL KOCAELİ BİLNET ANADOLU LİSESİ (KOCAELİ - İZMİT),1
688,ÖZEL LÜLEBURGAZ BAHÇEŞEHİR KOLEJİ ANADOLU LİSESİ (KIRKLARELİ - LÜLEBURGAZ),1
689,ÖZEL SALİHLİ BAHÇEŞEHİR KOLEJİ ANADOLU LİSESİ (MANİSA - SALİHLİ),1
690,ÖZEL SAMSUN TAKEV ANADOLU LİSESİ (SAMSUN - ATAKUM),1
691,ÖZEL SIHHIYE KÜLTÜR TEMEL LİSESİ (ANKARA - ÇANKAYA),1
692,YURT DIŞI ORTAÖĞRETİM KURUMLARI,1
693,ÖZEL AYVALI SINAV ANADOLU LİSESİ (ANKARA - KEÇİÖREN),1
694,FAHREDDİN KERİM GÖKAY ANADOLU LİSESİ (İSTANBUL - KÜÇÜKÇEKMECE),1
695,AĞRI DAĞI ANADOLU LİSESİ (AĞRI - MERKEZ),1
696,HAVVA-SEDAT AVCIOĞLU FEN LİSESİ (ANTALYA - KUMLUCA),1
697,KAYSERİ KİLİM SOSYAL BİLİMLER LİSESİ (KAYSERİ - MELİKGAZİ),1
698,ÖZEL KARABÜK BAHÇEŞEHİR KOLEJİ ANADOLU LİSESİ (KARABÜK - MERKEZ),1
699,YOZGAT LİSESİ (YOZGAT - MERKEZ),1
700,80 YIL CUMHURİYET ANADOLU LİSESİ (EDİRNE - MERKEZ),1
701,ANTALYA ERÜNAL SOSYAL BİLİMLER LİSESİ (ANTALYA - DÖŞEMEALTI),1
702,CAHİT ELGİNKAN ANADOLU LİSESİ (KOCAELİ - İZMİT),1
703,ÇEMBERLİTAŞ ANADOLU LİSESİ (İSTANBUL - FATİH),1
704,ERZURUM ANADOLU LİSESİ (ERZURUM - YAKUTİYE),1
705,İSTANBUL KADIKÖY LİSESİ (İSTANBUL - KADIKÖY),1
706,MEHMET UZAL SOSYAL BİLİMLER LİSESİ (BURDUR - MERKEZ),1
707,ÖZEL ADANA FİNAL ANADOLU LİSESİ (ADANA - ÇUKUROVA),1
708,ÖZEL BALIKESİR PUSULA ANADOLU LİSESİ (BALIKESİR - ALTIEYLÜL),1
709,ÖZEL BODRUM BİLNET ANADOLU LİSESİ (MUĞLA - BODRUM),1
710,ÖZEL BORNOVA UĞUR ANADOLU LİSESİ (İZMİR - BORNOVA),1
711,ÖZEL ÇAĞ ANADOLU LİSESİ (MERSİN - TARSUS),1
712,ÖZEL FİNAL ANADOLU LİSESİ (MUĞLA - FETHİYE),1
713,ÖZEL KADIKÖY NAZMİ ARIKAN FEN BİLİMLERİ ANADOLU LİSESİ (İSTANBUL - KADIKÖY),1
714,ÖZEL KADRO ANADOLU LİSESİ (İSTANBUL - BAKIRKÖY),1
715,ÖZEL KOCAELİ İSTEK ANADOLU LİSESİ (KOCAELİ - BAŞİSKELE),1
716,ÖZEL MATEMATİK FEN BİLİM ANADOLU LİSESİ (SAMSUN - İLKADIM),1
717,ÖZEL MEZAİM KİRAZ ANADOLU LİSESİ (ANKARA - POLATLI),1
718,ÖZEL SAINT JOSEPH FRANSIZ LİSESİ (İSTANBUL - KADIKÖY),1
719,ÖZEL TRABZON BİL ANADOLU LİSESİ (TRABZON - AKÇAABAT),1
720,ÖZEL YILDIZ FİNAL AKADEMİ ANADOLU LİSESİ (ANKARA - ÇANKAYA),1
721,PROF. DR. NABİ AVCI FEN LİSESİ (İSTANBUL - ÜMRANİYE),1
722,ŞİŞLİ ANADOLU LİSESİ (İSTANBUL - ŞİŞLİ),1
723,TED MERSİN KOLEJİ ÖZEL LİSESİ (MERSİN - ERDEMLİ),1
724,ÖZEL AKHİSAR EKSEN OKULLARI FEN LİSESİ (MANİSA - AKHİSAR),1
725,ÖZEL BAHÇEŞEHİR DOĞA ANADOLU LİSESİ (İSTANBUL - BAŞAKŞEHİR),1
726,ÖZEL ERYAMAN MODERN ORTADOĞU ANADOLU LİSESİ (ANKARA - ETİMESGUT),1
727,AYDINLIKEVLER ANADOLU LİSESİ (ANKARA - KEÇİÖREN),1
728,ÖZEL ANTALYA MAYA FEN VE TEKNOLOJİ LİSESİ (ANTALYA - MURATPAŞA),1
729,ÖZEL DALAMAN BAHÇEŞEHİR FEN LİSESİ (MUĞLA - DALAMAN),1
730,ÖZEL UŞAK FİNAL AKADEMİ OKULLARI FEN LİSESİ (UŞAK - MERKEZ),1
731,EYÜP AYGAR FEN LİSESİ (MERSİN - YENİŞEHİR),1
732,ÖZEL BAHÇELİEVLER SINAV ANADOLU LİSESİ (ANKARA - ÇANKAYA),1
733,ÖZEL BİLGİ FEN LİSESİ (TOKAT - MERKEZ),1
734,ÖZEL CANER NALDÖKEN ANADOLU LİSESİ (ANKARA - ÇANKAYA),1
735,REFİK ARSLAN ÖZTÜRK FEN LİSESİ (BİLECİK - MERKEZ),1
736,AFŞİN ESHAB-I KEHF ANADOLU LİSESİ (KAHRAMANMARAŞ - AFŞİN),1
737,DR.BİNNAZ EGE-DR.RIDVAN EGE ANADOLU LİSESİ (ANKARA - ÇANKAYA),1
738,ÖZEL KAPLAN ÜÇEVLER ANADOLU LİSESİ (BURSA - NİLÜFER),1
739,ÖZEL OĞUZHAN ÖZKAYA FEN LİSESİ (İZMİR - GÜZELBAHÇE),1
740,VEDAT TOPÇUOĞLU ANADOLU LİSESİ (GAZİANTEP - ŞEHİTKAMİL),1
741,GELİBOLU FEN LİSESİ (ÇANAKKALE - GELİBOLU),1
742,ÖZEL ANTALYA KOLEJİ MURATPAŞA ANADOLU LİSESİ (ANTALYA - MURATPAŞA),1
743,ÖZEL BAHARİYE ANADOLU LİSESİ (İSTANBUL - KADIKÖY),1
744,ÖZEL KONYA AÇI ANADOLU LİSESİ (KONYA - KARATAY),1
745,ABDÜLHAMİD HAN FEN LİSESİ (AKSARAY - MERKEZ),1
746,KARATAY FEN LİSESİ (KONYA - KARATAY),1
747,ÖZEL ÇANAKKALE KAMPÜS KOLEJİ ANADOLU LİSESİ (ÇANAKKALE - MERKEZ),1
748,ÖZEL FİNAL ÖZGÜN ANADOLU LİSESİ (KAYSERİ - KOCASİNAN),1
749,ÖZEL MEHMET TUNÇ ANADOLU LİSESİ (ANKARA - ÇANKAYA),1
750,PENDİK FATİH ANADOLU LİSESİ (İSTANBUL - PENDİK),1
751,SUNGURBEY ANADOLU LİSESİ (ADANA - ÇUKUROVA),1
752,ŞEHİT MUSTAFA ASLAN MESLEKİ VE TEKNİK ANADOLU LİSESİ (YOZGAT - MERKEZ),1
753,57. ALAY ANADOLU LİSESİ (TEKİRDAĞ - SÜLEYMANPAŞA),1
754,BUCA 85.YIL ANADOLU LİSESİ (İZMİR - BUCA),1
755,ESENYURT NAKİPOĞLU CUMHURİYET ANADOLU LİSESİ (İSTANBUL - ESENYURT),1
756,HAYRETTİN ATMACA ANADOLU LİSESİ (AĞRI - MERKEZ),1
757,HAYRİ MEHMET ÜRGÜPLÜ ANADOLU LİSESİ (NEVŞEHİR - ÜRGÜP),1
758,ÖZEL BÜYÜK UĞUR ANADOLU LİSESİ (AYDIN - EFELER),1
759,ÖZEL ÇAYYOLU FİNAL ANADOLU LİSESİ (ANKARA - ÇANKAYA),1
760,ÖZEL ÇORUM BAHÇEŞEHİR KOLEJİ ANADOLU LİSESİ (ÇORUM - MERKEZ),1
761,ÖZEL KAYSERİ DOĞA ANADOLU LİSESİ (KAYSERİ - MELİKGAZİ),1
762,ÖZEL MERSİN ÇÖZÜM AKADEMİ ANADOLU LİSESİ (MERSİN - YENİŞEHİR),1
763,ÖZEL SAMANYOLU CEMAL ŞAŞMAZ ANADOLU ÖĞRETMEN LİSESİ (ANKARA - KEÇİÖREN),1
764,ÖZEL YENİMAHALLE FİNAL ANADOLU LİSESİ (ANKARA - YENİMAHALLE),1
765,ŞEHİT DOĞUKAN TAZEGÜL ANADOLU LİSESİ (ANKARA - ÇANKAYA),1
766,ÖZEL EMİNE ÖRNEK FEN LİSESİ (BURSA - MUDANYA),1
767,ÖZEL ATAFEN ANADOLU LİSESİ (KOCAELİ - İZMİT),1
768,ÖZEL BAHÇEŞEHİR ADANA ANADOLU LİSESİ (ADANA - SEYHAN),1
769,ÖZEL EREĞLİ SİMYA FEN LİSESİ (KONYA - EREĞLİ),1
770,ÖZEL ERYAMAN DÜŞÜN ANADOLU LİSESİ (ANKARA - ETİMESGUT),1
771,ÖZEL ERYAMAN ORTADOĞULULAR ANADOLU LİSESİ (ANKARA - ETİMESGUT),1
772,ÖZEL SAMSUN BOĞAZİÇİ ANADOLU LİSESİ (SAMSUN - ATAKUM),1
773,ANTALYA ANADOLU LİSESİ (ANTALYA - MURATPAŞA),1
774,CEMİL MERİÇ FEN LİSESİ (ELAZIĞ - MERKEZ),1
775,MEV KOLEJİ ÖZEL BÜYÜKÇEKMECE FEN LİSESİ (İSTANBUL - BÜYÜKÇEKMECE),1
776,ÖZEL BÜYÜKÇEKMECE AKADEMİ FEN LİSESİ (İSTANBUL - BÜYÜKÇEKMECE),1
777,ÖZEL ORTACA ÇÖZÜM ANADOLU LİSESİ (MUĞLA - ORTACA),1
778,ÇANKIRI TÜRKİYE ODALAR VE BORSALAR BİRLİĞİ FEN LİSESİ (ÇANKIRI - MERKEZ),1
779,NAZİLLİ MENDERES ANADOLU LİSESİ (AYDIN - NAZİLLİ),1
780,OSMAN ULUBAŞ KAYSERİ FEN LİSESİ (KAYSERİ - KOCASİNAN),1
781,BAHÇEŞEHİR ATATÜRK ANADOLU LİSESİ (İSTANBUL - BAŞAKŞEHİR),1
782,İSTEK ÖZEL ACIBADEM ANADOLU LİSESİ (İSTANBUL - KADIKÖY),1
783,İZMİR CENGİZ AYTMATOV SOSYAL BİLİMLER LİSESİ (İZMİR - URLA),1
784,ÖZEL AYDIN DEĞİŞİM ANADOLU LİSESİ (AYDIN - EFELER),1
785,ÖZEL BEYLİKDÜZÜ FİNAL ANADOLU LİSESİ (İSTANBUL - BEYLİKDÜZÜ),1
786,ÖZEL ÇANAKKALE BAHÇEŞEHİR KOLEJİ FEN LİSESİ (ÇANAKKALE - MERKEZ),1
787,ÖZEL FİNAL AKADEMİ ANADOLU LİSESİ (ISPARTA - MERKEZ),1
788,ÖZEL İSTEK GAZİANTEP ANADOLU LİSESİ (GAZİANTEP - ŞEHİTKAMİL),1
789,ÖZEL KADIKÖY DİL KOLEJİ ANADOLU LİSESİ (İSTANBUL - KADIKÖY),1
790,ÖZEL KARŞIYAKA BİLİM DOĞA ANADOLU LİSESİ (İZMİR - KARŞIYAKA),1
791,ÖZEL MARMARA KOLEJİ (İSTANBUL - MALTEPE),1
792,ÖZEL MODERN ORTADOĞU ANADOLU LİSESİ (ANKARA - ETİMESGUT),1
793,ÖZEL MUĞLA TEKNOLOJİ VE KÜLTÜR FEN LİSESİ (MUĞLA - MENTEŞE),1
794,TEVFİK İLERİ ANADOLU LİSESİ (RİZE - MERKEZ),1
795,BÜYÜKŞEHİR HÜSEYİN YILDIZ ANADOLU LİSESİ (İSTANBUL - BEYLİKDÜZÜ),1
796,EDİRNE SÜLEYMAN DEMİREL FEN LİSESİ (EDİRNE - MERKEZ),1
797,ÖZEL BODRUM UĞUR ANADOLU LİSESİ (MUĞLA - BODRUM),1
798,ÖZEL TURUNCU FEN LİSESİ (İZMİR - TORBALI),1
799,ÖZEL GENÇ ADIM FEN LİSESİ (SAMSUN - ATAKUM),1
800,ÖZEL SELÇUKLU YÖNTEM FEN LİSESİ (KONYA - SELÇUKLU),1
801,ÖZEL TED DENİZLİ ANADOLU LİSESİ (DENİZLİ - MERKEZEFENDİ),1
802,AHMET ERDEM ANADOLU LİSESİ (BURSA - NİLÜFER),1
803,BAHÇELİEVLER ANADOLU LİSESİ (ANKARA - ÇANKAYA),1
804,ELBİSTAN BORSA İSTANBUL FEN LİSESİ (KAHRAMANMARAŞ - ELBİSTAN),1
805,ÖZEL ÇORLU NAZMİ ARIKAN FEN BİLİMLERİ ANADOLU LİSESİ (TEKİRDAĞ - ÇORLU),1
806,DÖRTYOL FEN LİSESİ (HATAY - DÖRTYOL),1
807,HÜSEYİN GİRENES FEN LİSESİ (ANTALYA - ALANYA),1
808,MALTEPE FEN LİSESİ (İSTANBUL - MALTEPE),1
809,ÖZEL İSTEK ANTALYA LARA FEN LİSESİ (ANTALYA - MURATPAŞA),1
810,ŞEHİT İBRAHİM ARMUT FEN LİSESİ (MERSİN - ANAMUR),1
811,AGÜV TOBB ÖZEL TEKDEN ANADOLU LİSESİ (KAYSERİ - MELİKGAZİ),1
812,BAĞLICA ANADOLU LİSESİ (ANKARA - ETİMESGUT),1
813,MECİDİYEKÖY ANADOLU LİSESİ (İSTANBUL - ŞİŞLİ),1
814,ÖZEL ACIBADEM BİLİM DOĞA ANADOLU LİSESİ (İSTANBUL - ÜSKÜDAR),1
815,ÖZEL ANKARA EĞİTİM KURUMLARI ANADOLU LİSESİ (ANKARA - ÇANKAYA),1
816,ÖZEL ANTALYA İMZA ANADOLU LİSESİ (ANTALYA - MURATPAŞA),1
817,ÖZEL BİLGİ ANADOLU LİSESİ (TOKAT - MERKEZ),1
818,ÖZEL ÇUKURAMBAR SINAV ANADOLU LİSESİ (ANKARA - ÇANKAYA),1
819,ÖZEL DARÜŞŞİFA EYMİR ANADOLU LİSESİ (ANKARA - GÖLBAŞI),1
820,ÖZEL DÜNYA KOLEJİ ANADOLU LİSESİ (İZMİR - ÖDEMİŞ),1
821,ÖZEL EVRENSEL KOLEJ (ANKARA - ÇANKAYA),1
822,ÖZEL GAZİANTEP NESİBE AYDIN ANADOLU LİSESİ (GAZİANTEP - ŞEHİTKAMİL),1
823,ÖZEL GÜNEŞEVLER FİNAL AKADEMİ ANADOLU LİSESİ (ANKARA - ALTINDAĞ),1
824,ÖZEL GÜRÇAĞ FEN LİSESİ (ANKARA - ÇANKAYA),1
825,ÖZEL İSTANBUL MODERN İLİMLER ANADOLU LİSESİ (MUĞLA - MİLAS),1
826,ÖZEL KENT MEKTEBİ ANADOLU LİSESİ (İSTANBUL - BAŞAKŞEHİR),1
827,ÖZEL MATBİLİM KOLEJİ ANADOLU LİSESİ (ANKARA - ÇANKAYA),1
828,ÖZEL MERSİN BİREY AKADEMİ ANADOLU LİSESİ (MERSİN - YENİŞEHİR),1
829,ÖZEL MERSİN İZ EĞİTİM KURUMLARI ANADOLU LİSESİ (MERSİN - YENİŞEHİR),1
830,ÖZEL OKUYAN DOĞRULAYAN TARTIŞAN UZMANLAR ANADOLU LİSESİ (ODTU) (ANKARA - ÇANKAYA),1
831,ÖZEL ORAN FİNAL ANADOLU LİSESİ (ANKARA - ÇANKAYA),1
832,ÖZEL TANI ANADOLU LİSESİ (İZMİR - ÇİĞLİ),1
833,ÖZEL TEMA ANADOLU LİSESİ (ANKARA - ETİMESGUT),1
834,ÖZEL YÜKSELEN KOLEJİ ANADOLU LİSESİ (ANKARA - MAMAK),1
835,TÜRKİYE ODALAR VE BORSALAR BİRLİĞİ ANADOLU LİSESİ (BURDUR - MERKEZ),1
836,FATMA-EMİN KUTVAR ANADOLU LİSESİ (BALIKESİR - KARESİ),1
837,ÖZEL YENİ SİS ANADOLU LİSESİ (ADANA - KOZAN),1
838,BORSA İSTANBUL ANADOLU LİSESİ (GAZİANTEP - ŞAHİNBEY),1
839,BURSA ERKEK LİSESİ (BURSA - OSMANGAZİ),1
840,KAHRAMANMARAŞ FEN LİSESİ (KAHRAMANMARAŞ - ONİKİŞUBAT),1
841,MEHMET AKİF İNAN HAFIZ ANADOLU İMAM HATİP LİSESİ (DÜZCE - MERKEZ),1
842,ÖZEL ALAPLI BAHÇEŞEHİR KOLEJİ FEN LİSESİ (ZONGULDAK - ALAPLI),1
843,ÖZEL KIRŞEHİR SİMYA ANADOLU LİSESİ (KIRŞEHİR - MERKEZ),1
844,ÖZEL MAVİŞEHİR OKYANUS ANADOLU LİSESİ (İZMİR - KARŞIYAKA),1
845,ÖZEL VAN MEKTEBİM FEN LİSESİ (VAN - EDREMİT),1
846,SESİM SARPKAYA FEN LİSESİ (MERSİN - TARSUS),1
847,SÜMER FEN LİSESİ (KAYSERİ - KOCASİNAN),1
