High School,Priority_Group
ÖZEL BAHÇEŞEHİR FEN VE TEKNOLOJİ LİSESİ (İSTANBUL - EYÜPSULTAN),1
ADANA FEN LİSESİ (ADANA - SEYHAN),1
ATATÜRK LİSESİ (İZMİR - KONAK),1
AYDIN FEN LİSESİ (AYDIN - EFELER),1
OSMAN ULUBAŞ KAYSERİ FEN LİSESİ (KAYSERİ - KOCASİNAN),1
NİLÜFER BORSA İSTANBUL FEN LİSESİ (BURSA - NİLÜFER),1
İSTANBUL ATATÜRK FEN LİSESİ (İSTANBUL - KADIKÖY),1
ÖZEL ASFA FEN LİSESİ (İSTANBUL - ÜSKÜDAR),1
ANKARA PURSAKLAR FEN LİSESİ (ANKARA - PURSAKLAR),1
VEHBİ DİNÇERLER FEN LİSESİ (GAZİANTEP - ŞEHİTKAMİL),1
ÖZEL POLATLI AYYILDIZ ANADOLU LİSESİ (ANKARA - POLATLI),1
TOFAŞ FEN LİSESİ (BURSA - NİLÜFER),1
ÖZEL IĞDIR BAHÇEŞEHİR FEN LİSESİ (IĞDIR - MERKEZ),1
SAMSUN GARİP ZEYCAN YILDIRIM FEN LİSESİ (SAMSUN - ATAKUM),1
REKABET KURUMU CUMHURİYET FEN LİSESİ (DİYARBAKIR - YENİŞEHİR),1
ANKARA FEN LİSESİ (ANKARA - ÇANKAYA),1
YAŞAR ACAR FEN LİSESİ (İSTANBUL - BEYLİKDÜZÜ),1
ÖZEL BAHÇEŞEHİR LİSESİ (İSTANBUL - BAŞAKŞEHİR),1
İZMİR FEN LİSESİ (İZMİR - BORNOVA),1
ÇAPA FEN LİSESİ (İSTANBUL - FATİH),1
ÖZEL ANKARA MAYA FEN VE TEKNOLOJİ LİSESİ (ANKARA - GÖLBAŞI),1
KONYA- MERAM FEN LİSESİ (KONYA - MERAM),1
KABATAŞ ERKEK LİSESİ (İSTANBUL - BEŞİKTAŞ),1
UŞAK FEN LİSESİ (UŞAK - MERKEZ),1
ERBAKIR FEN LİSESİ (DENİZLİ - MERKEZEFENDİ),1
EYÜP AYGAR FEN LİSESİ (MERSİN - YENİŞEHİR),1
ÖZEL ENKA FEN VE TEKNOLOJİ LİSESİ (KOCAELİ - DİLOVASI),1
ÖZEL BATI ANADOLU LİSESİ (ANTALYA - MANAVGAT),1
TRABZON MERKEZ FEN LİSESİ (TRABZON - ORTAHİSAR),1
MALATYA ERMAN ILICAK FEN LİSESİ (MALATYA - YEŞİLYURT),1
ERZURUM İBRAHİM HAKKI FEN LİSESİ (ERZURUM - PALANDÖKEN),1
YUSUF ZİYA ÖNER FEN LİSESİ (ANTALYA - DÖŞEMEALTI),1
ÖZEL YAVUZ FEN LİSESİ (GİRESUN - KEŞAP),1
ÖZEL İZMİR BAHÇEŞEHİR KOLEJİ ELLİNCİ YIL FEN VE TEKNOLOJİ LİSESİ (İZMİR - BORNOVA),1
İZMİR BÜYÜKÇİĞLİ ÖZEL TÜRK KOLEJİ FEN LİSESİ (İZMİR - ÇİĞLİ),1
ÖZEL TAN FEN LİSESİ (BURSA - NİLÜFER),1
BUCA İNCİ-ÖZER TIRNAKLI FEN LİSESİ (İZMİR - BUCA),1
ÖZEL BORNOVA FEN LİSESİ (İZMİR - BORNOVA),1
GALATASARAY ÜNİVERSİTESİ GALATASARAY LİSESİ (İSTANBUL - BEYOĞLU),1
ÖZEL BEYSUKENT ANADOLU LİSESİ (ANKARA - ÇANKAYA),1
ŞEHİT TURGUT SOLAK FEN LİSESİ (BALIKESİR - KARESİ),1
SEYHAN BORSA İSTANBUL FEN LİSESİ (ADANA - SEYHAN),1
ÖZEL ALTINYILDIZ FEN LİSESİ (NEVŞEHİR - MERKEZ),1
CUMHURİYET FEN LİSESİ (ANKARA - ÇANKAYA),1
KOCAELİ FEN LİSESİ (KOCAELİ - İZMİT),1
HÜSEYİN AVNİ SÖZEN ANADOLU LİSESİ (İSTANBUL - ÜSKÜDAR),1
ÖZEL ADANA FİNAL FEN LİSESİ (ADANA - ÇUKUROVA),1
ÖZEL SANKO FEN VE TEKNOLOJİ LİSESİ (GAZİANTEP - ŞEHİTKAMİL),1
SAKARYA CEVAT AYHAN FEN LİSESİ (SAKARYA - ADAPAZARI),1
SÜMER FEN LİSESİ (KAYSERİ - KOCASİNAN),1
ESKİŞEHİR FATİH FEN LİSESİ (ESKİŞEHİR - ODUNPAZARI),1
CAĞALOĞLU ANADOLU LİSESİ (İSTANBUL - FATİH),1
MANİSA FEN LİSESİ (MANİSA - YUNUSEMRE),1
ŞANLIURFA FEN LİSESİ (ŞANLIURFA - HALİLİYE),1
ISPARTA SÜLEYMAN DEMİREL FEN LİSESİ (ISPARTA - MERKEZ),1
HAYDARPAŞA LİSESİ (İSTANBUL - ÜSKÜDAR),1
BURSA ANADOLU LİSESİ (BURSA - OSMANGAZİ),1
NİĞDE FEN LİSESİ (NİĞDE - MERKEZ),1
KADIKÖY ANADOLU LİSESİ (İSTANBUL - KADIKÖY),1
ÖZEL TOKAT AYIŞIĞI FEN LİSESİ (TOKAT - MERKEZ),1
ÖZEL BAFRA AÇI FEN LİSESİ (SAMSUN - BAFRA),1
TED BATMAN PETROL KOLEJİ ÖZEL ANADOLU LİSESİ (BATMAN - MERKEZ),1
ÖZEL ORDU ÜNYE FİNAL AKADEMİ FEN LİSESİ (ORDU - ÜNYE),1
ÖZEL TEMA PARK BAHÇEŞEHİR KOLEJİ FEN VE TEKNOLOJİ LİSESİ (İSTANBUL - KÜÇÜKÇEKMECE),1
EBRU NAYİM FEN LİSESİ (TEKİRDAĞ - SÜLEYMANPAŞA),1
ÖZEL PROFESYONEL EĞİTİM AKADEMİSİ (PEMA) FEN LİSESİ (KONYA - SELÇUKLU),1
ÖZEL AMERİKAN ROBERT LİSESİ (İSTANBUL - BEŞİKTAŞ),1
ÖZEL ATAFEN FEN LİSESİ (KOCAELİ - İZMİT),1
ÖZEL MERSİN ELİT KOLEJİ FEN LİSESİ (MERSİN - YENİŞEHİR),1
TOBB OSMANİYE FEN LİSESİ (OSMANİYE - MERKEZ),1
ŞEHİT MÜNİR ALKAN FEN LİSESİ (İSTANBUL - BÜYÜKÇEKMECE),1
ÖZEL ŞANLIURFA TED KOLEJİ ANADOLU LİSESİ (ŞANLIURFA - KARAKÖPRÜ),1
GİRESUN FEN LİSESİ (GİRESUN - MERKEZ),1
ESKİŞEHİR ANADOLU LİSESİ (ESKİŞEHİR - TEPEBAŞI),1
İSKENDERUN TOSÇELİK FEN LİSESİ (HATAY - İSKENDERUN),1
KARATAY FEN LİSESİ (KONYA - KARATAY),1
ÖZEL SARAÇ İLGİ OKULLARI FEN LİSESİ (ŞANLIURFA - KARAKÖPRÜ),1
ÖZEL ANKARA UĞUR ANADOLU LİSESİ (ANKARA - ÇANKAYA),1
SİVAS FEN LİSESİ (SİVAS - MERKEZ),1
KEÇİÖREN VATANSEVER ŞEHİT TÜMGENERAL AYDOĞAN AYDIN FEN LİSESİ (ANKARA - KEÇİÖREN),1
YÜKSEL-İLHAN ALANYALI FEN LİSESİ (İSTANBUL - KARTAL),1
AZİZ ATİK FEN LİSESİ (SAMSUN - İLKADIM),1
KAHRAMANMARAŞ TOBB FEN LİSESİ (KAHRAMANMARAŞ - ONİKİŞUBAT),1
SÜLEYMAN DEMİREL FEN LİSESİ (AFYONKARAHİSAR - MERKEZ),1
ÖZEL KAYSERİ TEKDEN FEN LİSESİ (KAYSERİ - TALAS),1
ÖZEL MERAM YÖNTEM FEN LİSESİ (KONYA - MERAM),2
ÖZEL ŞANLIURFA YÜKSELİŞ KOLEJİ FEN VE TEKNOLOJİ LİSESİ (ŞANLIURFA - KARAKÖPRÜ),2
AKSARAY ŞEHİT PİLOT HAMZA GÜMÜŞSOY FEN LİSESİ (AKSARAY - MERKEZ),2
ABDULKADİR KONUKOĞLU FEN LİSESİ (GAZİANTEP - ŞEHİTKAMİL),2
ÖZEL ELİTSEN KOLEJİ FEN LİSESİ (ERZURUM - AZİZİYE),2
BATMAN FEN LİSESİ (BATMAN - MERKEZ),2
ÖZEL ZÜBEYDE HANIM FEN LİSESİ (İZMİR - BUCA),2
AYDEM FEN LİSESİ (DENİZLİ - MERKEZEFENDİ),2
HÜSEYİN GİRENES FEN LİSESİ (ANTALYA - ALANYA),2
HALİL KALE FEN LİSESİ (MANİSA - TURGUTLU),2
ÖZEL YENİ YOL FEN LİSESİ (ESKİŞEHİR - TEPEBAŞI),2
ÖZEL ÇAĞDAŞ ÖNCÜ FEN LİSESİ (BURSA - NİLÜFER),2
BOLU FEN LİSESİ (BOLU - MERKEZ),2
ÖZEL ANTALYA FİNAL FEN LİSESİ (ANTALYA - KEPEZ),2
BAFRA FEN LİSESİ (SAMSUN - BAFRA),2
ÖZEL ÖLÇÜN ANADOLU LİSESİ (SAKARYA - ADAPAZARI),2
ÖZEL NAMIK ALTAŞ KOLEJİ FEN LİSESİ (ORDU - ALTINORDU),2
KÜTAHYA NAFİ GÜRAL FEN LİSESİ (KÜTAHYA - MERKEZ),2
ADIYAMAN FEN LİSESİ (ADIYAMAN - MERKEZ),2
NAMIK KARAMANCI FEN LİSESİ (ANTALYA - MANAVGAT),2
İSTEK ÖZEL KAŞGARLI MAHMUT FEN LİSESİ (İSTANBUL - SULTANGAZİ),2
ADANA ANADOLU LİSESİ (ADANA - ÇUKUROVA),2
KAYA KARAKAYA FEN LİSESİ (ELAZIĞ - MERKEZ),2
ÖZEL GAZİOSMANPAŞA ŞEFKAT FEN LİSESİ (İSTANBUL - GAZİOSMANPAŞA),2
GAZİANTEP KOLEJİ VAKFI ÖZEL FEN LİSESİ (GAZİANTEP - ŞEHİTKAMİL),2
TOBB FEN LİSESİ (GAZİANTEP - ŞAHİNBEY),2
NECİP FAZIL KISAKÜREK ANADOLU İMAM HATİP LİSESİ (KOCAELİ - İZMİT),2
ADAPAZARI ÖZEL ŞAHİN ANADOLU LİSESİ (SAKARYA - ADAPAZARI),2
ÖZEL BALIKESİR SİMYA KOLEJİ (BALIKESİR - ALTIEYLÜL),2
TOKAT MİLLİ PİYANGO İHYA BALAK FEN LİSESİ (TOKAT - MERKEZ),2
ÖZEL AÇI KOLEJİ FEN LİSESİ (BURSA - MUSTAFAKEMALPAŞA),2
T.V. ÖZEL ŞİŞLİ TERAKKİ FEN LİSESİ (İSTANBUL - BEŞİKTAŞ),2
PROF. DR. MEHMET GÖRMEZ ANADOLU İMAM HATİP LİSESİ (GAZİANTEP - ŞAHİNBEY),2
KARTAL ANADOLU İMAM HATİP LİSESİ (İSTANBUL - KARTAL),2
ÖZEL BİLFEN ANTALYA FEN LİSESİ (ANTALYA - MURATPAŞA),2
TAVŞANLI 15 TEMMUZ ŞEHİTLER FEN LİSESİ (KÜTAHYA - TAVŞANLI),2
KAHRAMANMARAŞ FEN LİSESİ (KAHRAMANMARAŞ - ONİKİŞUBAT),2
SESİM SARPKAYA FEN LİSESİ (MERSİN - TARSUS),2
CEMİL MERİÇ FEN LİSESİ (ELAZIĞ - MERKEZ),2
VAN TÜRK TELEKOM FEN LİSESİ (VAN - EDREMİT),2
TED KARADENİZ EREĞLİ KOLEJİ VAKFI ÖZEL LİSESİ (ZONGULDAK - EREĞLİ),2
ÖDEMİŞ AYHAN KÖKMEN FEN LİSESİ (İZMİR - ÖDEMİŞ),2
15 TEMMUZ ŞEHİTLER FEN LİSESİ (SAKARYA - SERDİVAN),2
İNEGÖL MEDİHA-HAYRİ ÇELİK FEN LİSESİ (BURSA - İNEGÖL),2
VEFA LİSESİ (İSTANBUL - FATİH),2
ÖZEL DEĞER KOLEJİ FEN LİSESİ (GAZİANTEP - ŞEHİTKAMİL),2
ÖZEL MUŞ SEÇKİN İZ FEN LİSESİ (MUŞ - MERKEZ),2
ÖZEL VAN AÇI KOLEJİ FEN LİSESİ (VAN - İPEKYOLU),2
KASTAMONU FEN LİSESİ (KASTAMONU - MERKEZ),2
AHMET ERDEM ANADOLU LİSESİ (BURSA - NİLÜFER),2
MUAMMER DERELİ FEN LİSESİ (KOCAELİ - İZMİT),2
ŞEHREMİNİ ANADOLU LİSESİ (İSTANBUL - FATİH),2
MACİT ZEREN FEN LİSESİ (AMASYA - MERKEZ),2
VEHBİ KOÇ VAKFI KOÇ ÖZEL LİSESİ (İSTANBUL - TUZLA),2
ÖZEL MARMARA EVLERİ İHLAS FEN LİSESİ (İSTANBUL - BEYLİKDÜZÜ),2
PROF. DR. NABİ AVCI FEN LİSESİ (İSTANBUL - ÜMRANİYE),2
HASAN SABRİ ÇAVUŞOĞLU FEN LİSESİ (BARTIN - MERKEZ),2
MALATYA FETHİ GEMUHLUOĞLU FEN LİSESİ (MALATYA - YEŞİLYURT),2
SİİRT TÜRK TELEKOM FEN LİSESİ (SİİRT - MERKEZ),2
ANKARA ERMAN ILICAK FEN LİSESİ (ANKARA - SİNCAN),2
ÖZEL DİYARBAKIR BAHÇEŞEHİR FEN VE TEKNOLOJİ LİSESİ (DİYARBAKIR - SUR),2
ÖZEL NAKKAŞTEPE BAHÇEŞEHİR KOLEJİ 50. YIL FEN VE TEKNOLOJİ LİSESİ (İSTANBUL - ÜSKÜDAR),2
ANTALYA ANADOLU LİSESİ (ANTALYA - MURATPAŞA),2
PERTEVNİYAL LİSESİ (İSTANBUL - FATİH),2
ÖZEL SEVGİ FEN LİSESİ (ANKARA - GÖLBAŞI),2
RİZE TÜRKİYE ODALAR VE BORSALAR BİRLİĞİ FEN LİSESİ (RİZE - MERKEZ),2
ÖZKENT AKBİLEK FEN LİSESİ (ANKARA - ETİMESGUT),2
YÜCEL BORU FEN LİSESİ (KOCAELİ - GEBZE),2
TRABZON YOMRA FEN LİSESİ (TRABZON - YOMRA),2
ÖZEL SAMSUN BAHÇEŞEHİR KOLEJİ ATAKUM FEN VE TEKNOLOJİ LİSESİ (SAMSUN - ATAKUM),2
BEYOĞLU ANADOLU İMAM HATİP LİSESİ (İSTANBUL - BEYOĞLU),2
ADNAN MENDERES ANADOLU LİSESİ (İSTANBUL - BAHÇELİEVLER),2
ÖZEL ADANA FEN LİSESİ (ADANA - SEYHAN),2
NAZİLLİ FEN LİSESİ (AYDIN - NAZİLLİ),2
ÖZEL SAINT JOSEPH FRANSIZ LİSESİ (İSTANBUL - KADIKÖY),2
ÖZEL ÜSKÜDAR AMERİKAN LİSESİ (İSTANBUL - ÜSKÜDAR),2
VALİDEBAĞ FEN LİSESİ (İSTANBUL - ÜSKÜDAR),2
MARDİN FEN LİSESİ (MARDİN - ARTUKLU),2
ÖZEL GAZİANTEP BAL ANADOLU LİSESİ (GAZİANTEP - ŞEHİTKAMİL),2
NUH MEHMET KÜÇÜKÇALIK ANADOLU LİSESİ (KAYSERİ - KOCASİNAN),2
PROF DR. FUAT SEZGİN FEN LİSESİ (İSTANBUL - SİLİVRİ),2
ÖZEL RÜZGAR FEN LİSESİ (DİYARBAKIR - BAĞLAR),2
ERZİNCAN FEN LİSESİ (ERZİNCAN - MERKEZ),2
YAHYA AKEL FEN LİSESİ (MERSİN - YENİŞEHİR),2
ÖZEL GAZİANTEP BİLFEN FEN LİSESİ (GAZİANTEP - ŞEHİTKAMİL),2
KARABÜK MEHMET VERGİLİ FEN LİSESİ (KARABÜK - MERKEZ),3
MERZİFON FEN LİSESİ (AMASYA - MERZİFON),3
ÖZEL ORDU BAHÇEŞEHİR KOLEJİ FEN LİSESİ (ORDU - ALTINORDU),3
ÖZEL DİLTAŞ KIRKINCI YIL ANADOLU LİSESİ (KONYA - SELÇUKLU),3
TED İZMİR ÖZEL ANADOLU LİSESİ (İZMİR - URLA),3
ÖZEL ÖZLÜCE TAN FEN LİSESİ (BURSA - NİLÜFER),3
OSMAN ULUBAŞ KÖŞK ANADOLU LİSESİ (KAYSERİ - MELİKGAZİ),3
ÖZEL İSTEK ANTALYA LARA FEN LİSESİ (ANTALYA - MURATPAŞA),3
ŞEHİT İLHAN VARANK FEN LİSESİ (İSTANBUL - MALTEPE),3
15 TEMMUZ ŞEHİTLERİ FEN LİSESİ (ÇORUM - MERKEZ),3
ÖZEL ANTALYA KOLEJİ MURATPAŞA FEN LİSESİ (ANTALYA - MURATPAŞA),3
LÜTFİ EGE ANADOLU LİSESİ (DENİZLİ - MERKEZEFENDİ),3
ÖZEL MERSİN YENİŞEHİR İZ EĞİTİM KURUMLARI FEN LİSESİ (MERSİN - YENİŞEHİR),3
YAŞAR KIMIL FEN LİSESİ (DENİZLİ - PAMUKKALE),3
ÖZEL ROTA FEN LİSESİ (İZMİR - GAZİEMİR),3
ATATÜRK ANADOLU LİSESİ (İSTANBUL - BEŞİKTAŞ),3
ÖZEL DÜZCE UĞUR FEN LİSESİ (DÜZCE - MERKEZ),3
KIRIKKALE FEN LİSESİ (KIRIKKALE - MERKEZ),3
GAZİ ANADOLU LİSESİ (ANKARA - ÇANKAYA),3
YASEMİN ERMAN BALSU ANADOLU LİSESİ (GAZİANTEP - ŞEHİTKAMİL),3
ÖZEL GAZİPAŞA FİNAL AKADEMİ ANADOLU LİSESİ (ANTALYA - GAZİPAŞA),3
İSTANBUL TİCARET ODASI MARMARA ANADOLU İMAM HATİP LİSESİ (İSTANBUL - ÜSKÜDAR),3
ÖZEL MERSİN BAHÇEŞEHİR ANADOLU LİSESİ (MERSİN - TOROSLAR),3
LÜLEBURGAZ RAMAZAN YAMAN FEN LİSESİ (KIRKLARELİ - LÜLEBURGAZ),3
ÖZEL KANGURU FEN LİSESİ (MALATYA - YEŞİLYURT),3
ÖZEL EDİRNE BAHÇEŞEHİR FEN VE TEKNOLOJİ LİSESİ (EDİRNE - MERKEZ),3
AKÇAABAT FEN LİSESİ (TRABZON - AKÇAABAT),3
ÖZEL GAZİANTEP KÜLTÜR FEN LİSESİ (GAZİANTEP - ŞEHİTKAMİL),3
ÖZEL KARDELEN FEN LİSESİ (NEVŞEHİR - MERKEZ),3
ÖZEL ÇORUM BİLGİ ANADOLU LİSESİ (ÇORUM - MERKEZ),3
PROF. DR. NECMETTİN ERBAKAN FEN LİSESİ (İSTANBUL - BAĞCILAR),3
ÖZEL UZMANLAR FEN LİSESİ (YALOVA - MERKEZ),3
ÖZEL EMİNE ÖRNEK FEN LİSESİ (BURSA - MUDANYA),3
ÖZEL BALIKESİR AÇI FEN LİSESİ (BALIKESİR - ALTIEYLÜL),3
ÖZEL SAMSUN FİNAL FEN LİSESİ (SAMSUN - ATAKUM),3
ŞEHİT MUHAMMET MUSTAFA KARABÖRK FEN LİSESİ (OSMANİYE - KADİRLİ),3
ÖZEL OYA AKIN YILDIZLAR FEN LİSESİ (ANKARA - ÇANKAYA),3
ÖZEL SİMYA FEN LİSESİ (GAZİANTEP - ŞEHİTKAMİL),3
ÖZEL ERYAMAN SEVGİ FEN LİSESİ (ANKARA - ETİMESGUT),3
ÖZEL ANKARA ABC FEN LİSESİ (ANKARA - ETİMESGUT),3
ÖZEL ÇAYYOLU DOĞA FEN VE TEKNOLOJİ LİSESİ (ANKARA - ÇANKAYA),3
İSTEK ÖZEL KEMAL ATATÜRK FEN LİSESİ (İSTANBUL - SARIYER),3
MANİSA TOBB BÜLENT KOŞMAZ FEN LİSESİ (MANİSA - YUNUSEMRE),3
ÖZEL ISPARTA BAHÇEŞEHİR ANADOLU LİSESİ (ISPARTA - MERKEZ),3
ÖZEL İSTEK GAZİANTEP FEN LİSESİ (GAZİANTEP - ŞEHİTKAMİL),3
ZONGULDAK FEN LİSESİ (ZONGULDAK - MERKEZ),3
ÖZEL ELAZIĞ FİNAL FEN LİSESİ (ELAZIĞ - MERKEZ),3
ÖZEL DOĞRU REFERANS ANADOLU LİSESİ (DENİZLİ - MERKEZEFENDİ),3
ÖZEL ANKARA ÇÖZÜM KOLEJİ FEN LİSESİ (ANKARA - KEÇİÖREN),3
ÖZEL ANKARA ZAFER FEN LİSESİ (ANKARA - ETİMESGUT),3
ÖZEL ANTALYA DOĞA FEN LİSESİ (ANTALYA - MURATPAŞA),3
HAYME ANA KIZ ANADOLU İMAM HATİP LİSESİ (ANTALYA - KONYAALTI),3
ÖZEL RASİM ŞAHİNKAYA FEN LİSESİ (BURSA - NİLÜFER),3
ÖZEL BAHÇEŞEHİR KOLEJİ KUZEY KAMPÜSÜ FEN LİSESİ (İZMİR - MENEMEN),3
ORDU FEN LİSESİ (ORDU - ALTINORDU),3
ÖZEL YAŞAM TASARIM FEN LİSESİ (ANTALYA - ALANYA),3
ÖZEL DİLTAŞ ANADOLU LİSESİ (KONYA - MERAM),3
SERVETİYE CEPHESİ ANADOLU LİSESİ (KOCAELİ - BAŞİSKELE),3
ÖZEL GAZİANTEP EMEK BİREY FEN LİSESİ (GAZİANTEP - ŞEHİTKAMİL),3
BOR ŞEHİT RAMAZAN KONUŞ FEN LİSESİ (NİĞDE - BOR),3
ÖZEL ORDU FİNAL FEN LİSESİ (ORDU - ALTINORDU),3
ÖZEL ENKA MESLEKİ VE TEKNİK ANADOLU LİSESİ (KOCAELİ - DİLOVASI),3
ÖZEL BUCAK KOLEJİ FEN LİSESİ (BURDUR - BUCAK),3
PROF.DR.İLHAN KILIÇÖZLÜ FEN LİSESİ (KIRŞEHİR - MERKEZ),3
ÖZEL DÜŞÜNÜR KOLEJİ FEN LİSESİ (VAN - EDREMİT),3
M.EMİN SARAÇ ANADOLU İMAM HATİP LİSESİ (İSTANBUL - BAŞAKŞEHİR),3
ÖZEL BOZOVA BÜYÜK DEĞİŞİM ANADOLU LİSESİ (ŞANLIURFA - BOZOVA),3
ÖZEL KARABÜK BAHÇEŞEHİR KOLEJİ FEN LİSESİ (KARABÜK - MERKEZ),3
DÖRTYOL FEN LİSESİ (HATAY - DÖRTYOL),3
GÖNÜLLÜ HİZMET VAKFI MUSTAFA SAFFET FEN LİSESİ (İSTANBUL - PENDİK),3
SELÇUKLU FEN LİSESİ (KONYA - SELÇUKLU),3
BAŞKENT ÜNİVERSİTESİ ÖZEL BAŞKENT FEN LİSESİ (ADANA - ÇUKUROVA),3
HATAY FEN LİSESİ (HATAY - ANTAKYA),3
ÖZEL YÜKSELEN KOLEJİ FEN LİSESİ (ANKARA - MAMAK),3
BORNOVA ANADOLU LİSESİ (İZMİR - BORNOVA),3
ÖZEL ÇAĞDAŞ FEN LİSESİ (ESKİŞEHİR - TEPEBAŞI),3
TOBB FEN LİSESİ (ŞANLIURFA - HALİLİYE),3
ÖZEL AFYONKARAHİSAR BAHÇEŞEHİR UĞUR ANADOLU LİSESİ (AFYONKARAHİSAR - MERKEZ),3
KÖY HİZMETLERİ ANADOLU LİSESİ (İSTANBUL - KARTAL),3
ÖZEL KARİYER KOLEJİ FEN LİSESİ (ANKARA - YENİMAHALLE),3
ULUSLARARASI ASHABI KEHF ANADOLU İMAM HATİP LİSESİ (MERSİN - TARSUS),3
KADIKÖY ANADOLU İMAM HATİP LİSESİ (İSTANBUL - KADIKÖY),3
ÖZEL ÜNYE BAHÇEŞEHİR FEN LİSESİ (ORDU - ÜNYE),3
KOZAN FEN LİSESİ (ADANA - KOZAN),3
REKABET KURUMU ANADOLU LİSESİ (DİYARBAKIR - YENİŞEHİR),4
TÜRK EĞİTİM VAKFI ÖZEL İNANÇ TÜRKEŞ ANADOLU LİSESİ (KOCAELİ - GEBZE),4
EDİRNE SÜLEYMAN DEMİREL FEN LİSESİ (EDİRNE - MERKEZ),4
DOĞAN CÜCELOĞLU FEN LİSESİ (İSTANBUL - KÜÇÜKÇEKMECE),4
HAKKI DEMİR ANADOLU İMAM HATİP LİSESİ (İSTANBUL - ÜSKÜDAR),4
TÜRKİYE ODALAR VE BORSALAR BİRLİĞİ FEN LİSESİ (KARAMAN - MERKEZ),4
MİDYAT FEN LİSESİ (MARDİN - MİDYAT),4
ÖZEL GAZİANTEP DOĞA FEN LİSESİ (GAZİANTEP - ŞEHİTKAMİL),4
TED DİYARBAKIR KOLEJİ ÖZEL ANADOLU LİSESİ (DİYARBAKIR - KAYAPINAR),4
ÖZEL YÜKSELEN FEN LİSESİ (ANKARA - ÇUBUK),4
ŞEHZADELER GEDİZ ANADOLU LİSESİ (MANİSA - ŞEHZADELER),4
BUCAK ADEM TOLUNAY FEN LİSESİ (BURDUR - BUCAK),4
ÖZEL ŞEHİTKAMİL UYGAR FEN LİSESİ (GAZİANTEP - ŞEHİTKAMİL),4
REFİK ARSLAN ÖZTÜRK FEN LİSESİ (BİLECİK - MERKEZ),4
75.YIL FEN LİSESİ (MERSİN - AKDENİZ),4
ÖZEL BENİM FEN LİSESİ (GAZİANTEP - ŞEHİTKAMİL),4
VALİ AYDIN ARSLAN FEN LİSESİ (DİYARBAKIR - SUR),4
AĞRI HÜSEYİN CELAL YARDIMCI FEN LİSESİ (AĞRI - MERKEZ),4
ALANYA ANADOLU İMAM HATİP LİSESİ (ANTALYA - ALANYA),4
ÖZEL KİPAŞ FEN LİSESİ (KAHRAMANMARAŞ - ONİKİŞUBAT),4
GÖLCÜK FEN LİSESİ (KOCAELİ - GÖLCÜK),4
FATMA ALİYE FEN LİSESİ (BATMAN - MERKEZ),4
MERAM ANADOLU LİSESİ (KONYA - MERAM),4
ÖZEL GAYE FEN LİSESİ (MERSİN - ERDEMLİ),4
TED ANTALYA KOLEJİ ÖZEL LİSESİ (ANTALYA - MURATPAŞA),4
ÖZEL İBRAHİMARI ANADOLU LİSESİ (GAZİANTEP - ŞEHİTKAMİL),4
ŞEHİT MEHMET ŞENGÜL FEN LİSESİ (ESKİŞEHİR - TEPEBAŞI),4
ÖZEL ÇAĞLAYAN ERKEK FEN LİSESİ (ANKARA - YENİMAHALLE),4
ÖZEL BORNOVA FİNAL FEN LİSESİ (İZMİR - BAYRAKLI),4
YEŞİLKÖY ANADOLU LİSESİ (İSTANBUL - BAKIRKÖY),4
ÖZEL AKSARAY VİZYON AKADEMİ FEN LİSESİ (AKSARAY - MERKEZ),4
TED ÖZEL EGE ANADOLU LİSESİ (AYDIN - İNCİRLİOVA),4
ANKARA ATATÜRK LİSESİ (ANKARA - ÇANKAYA),4
ÖZEL ELAZIĞ YÖNTEMİM FEN LİSESİ (ELAZIĞ - MERKEZ),4
ÖZEL DEVA FEN VE TEKNOLOJİ LİSESİ (GAZİANTEP - ŞEHİTKAMİL),4
ÖZEL ARI ANADOLU LİSESİ (ANKARA - ÇANKAYA),4
ÖZEL KONYA NESİBE AYDIN FEN LİSESİ (KONYA - SELÇUKLU),4
ÖZEL NESİBE AYDIN YILDIZLAR FEN LİSESİ (ANKARA - ETİMESGUT),4
ÖZEL ÖZEN ANADOLU LİSESİ (MERSİN - YENİŞEHİR),4
ŞEHİT ÖZCAN KAN FEN LİSESİ (KOCAELİ - İZMİT),4
SELÇUKLU ANADOLU LİSESİ (KONYA - SELÇUKLU),4
MEHMET EMİN RESULZADE ANADOLU LİSESİ (ANKARA - ÇANKAYA),4
ÖZEL BİLFEN KAYSERİ FEN LİSESİ (KAYSERİ - MELİKGAZİ),4
PROF. DR. ABDULKADİR KARAHAN FEN LİSESİ (ŞANLIURFA - SİVEREK),4
AKŞEHİR HACI SIDDIKA BAYSAL FEN LİSESİ (KONYA - AKŞEHİR),4
ŞEHİT OĞUZHAN YAŞAR ANADOLU LİSESİ (ANKARA - ETİMESGUT),4
ÖZEL NESİBE AYDIN FEN LİSESİ (ANKARA - GÖLBAŞI),4
ÖZEL ŞANLIURFA SİMYA FEN LİSESİ (ŞANLIURFA - KARAKÖPRÜ),4
ÖZEL YENİ ORTADOĞU FEN LİSESİ (DİYARBAKIR - KAYAPINAR),4
ÖZEL AFYON İSTEK FEN LİSESİ (AFYONKARAHİSAR - MERKEZ),4
NEVŞEHİR FEVZİ DİRİKOÇ FEN LİSESİ (NEVŞEHİR - MERKEZ),4
CEDİDE ABALIOĞLU ANADOLU İMAM HATİP LİSESİ (DENİZLİ - MERKEZEFENDİ),4
FMV ÖZEL AYAZAĞA IŞIK FEN LİSESİ (İSTANBUL - SARIYER),4
TED ÖZEL ADANA KOLEJİ ANADOLU LİSESİ (ADANA - SEYHAN),4
DR.BİNNAZ EGE-DR.RIDVAN EGE ANADOLU LİSESİ (ANKARA - ÇANKAYA),4
İTÜ GELİŞTİRME VAKFI ÖZEL EKREM ELGİNKAN LİSESİ (İSTANBUL - SARIYER),4
ŞEHİT MUSTAFA SERİN FEN LİSESİ (BALIKESİR - EDREMİT),4
ÖZEL KUMLUCA SINAV FEN LİSESİ (ANTALYA - KUMLUCA),4
ÇORLU BORSA İSTANBUL FEN LİSESİ (TEKİRDAĞ - ÇORLU),4
ÖZEL BOĞAZİÇİ ANADOLU LİSESİ (ISPARTA - MERKEZ),4
ÖZEL OSMANİYE BAHÇEŞEHİR KOLEJİ FEN LİSESİ (OSMANİYE - MERKEZ),4
ÖZEL BAŞARAN ANADOLU LİSESİ (KIRIKKALE - MERKEZ),4
ÖZEL ENVAR FEN LİSESİ (ANTALYA - KEPEZ),4
NUSAYBİN ANADOLU LİSESİ (MARDİN - NUSAYBİN),4
ÖZEL SANKO KOLEJİ (GAZİANTEP - ŞEHİTKAMİL),4
HASAN AYBABA ANADOLU LİSESİ (OSMANİYE - MERKEZ),4
ÖZEL BİLFEN İSKENDERUN FEN LİSESİ (HATAY - ARSUZ),4
MEHMET TEKİNALP ANADOLU LİSESİ (İSTANBUL - TUZLA),4
ÖZEL EVRENSEL FEN LİSESİ (ANKARA - ÇANKAYA),4
KİLİS MEHMET ZELZELE FEN LİSESİ (KİLİS - MERKEZ),4
ÖZEL ATAYURT FEN LİSESİ (ESKİŞEHİR - TEPEBAŞI),4
ÇEAS ANADOLU LİSESİ (ADANA - ÇUKUROVA),4
YOZGAT ŞEHİTLER FEN LİSESİ (YOZGAT - MERKEZ),4
MAHMUT CELALEDDİN ÖKTEN ANADOLU İMAM HATİP LİSESİ (TRABZON - ORTAHİSAR),4
TERAKKİ VAKFI ÖZEL ŞİŞLİ TERAKKİ TEPEÖREN ANADOLU LİSESİ (İSTANBUL - TUZLA),4
MEVLÜDE-AHMET DOĞANAY FEN LİSESİ (YOZGAT - SORGUN),4
ÖZEL DALAMAN BAHÇEŞEHİR FEN LİSESİ (MUĞLA - DALAMAN),4
YUSUF KEMALETTİN PERİN FEN LİSESİ (İZMİR - BERGAMA),4
İBRAHİM-SÜHEYLA İZMİRLİ FEN LİSESİ (ZONGULDAK - EREĞLİ),4
ÖZEL KARS BAHÇEŞEHİR KOLEJİ FEN LİSESİ (KARS - MERKEZ),4
TED ISPARTA KOLEJİ ÖZEL LİSESİ (ISPARTA - MERKEZ),4
NİLÜFER ANADOLU İMAM HATİP LİSESİ (BURSA - NİLÜFER),4
ÖZEL FORM KAMPÜS FEN LİSESİ (KONYA - SELÇUKLU),4
İSTEK ÖZEL ACIBADEM FEN LİSESİ (İSTANBUL - KADIKÖY),4
DÜZCE FEN LİSESİ (DÜZCE - MERKEZ),4
ÖZEL KÜLTÜR 2000 FEN LİSESİ (İSTANBUL - BÜYÜKÇEKMECE),5
MUŞ FEN LİSESİ (MUŞ - MERKEZ),5
ÖZEL ÇANKAYA BAHÇEŞEHİR KOLEJİ 50.YIL ANADOLU LİSESİ (ANKARA - ÇANKAYA),5
ÖZEL ÇANKAYA BAHÇEŞEHİR KOLEJİ 50.YIL FEN VE TEKNOLOJİ LİSESİ (ANKARA - ÇANKAYA),5
FETULLAH BAYIR FEN LİSESİ (KONYA - BEYŞEHİR),5
ÖZEL İSTEK ANTALYA KONYAALTI FEN LİSESİ (ANTALYA - KONYAALTI),5
ÖZEL TEST TEKNİK ÇAĞI FEN LİSESİ (ADIYAMAN - MERKEZ),5
ANTALYA TÜRKİYE ODALAR VE BORSALAR BİRLİĞİ FEN LİSESİ (ANTALYA - KEPEZ),5
FATMA MEHMET CADIL FEN LİSESİ (ANTALYA - KORKUTELİ),5
ÖZEL MANİSA BAHÇEŞEHİR KOLEJİ FEN LSESİ (MANİSA - YUNUSEMRE),5
ŞEHİT ERHAN DURAL KIZ ANADOLU İMAM HATİP LİSESİ (RİZE - MERKEZ),5
ÇAN FEN LİSESİ (ÇANAKKALE - ÇAN),5
SOMA BORSA İSTANBUL FEN LİSESİ (MANİSA - SOMA),5
SELİM NEVZAT ŞAHİN ANADOLU LİSESİ (HATAY - DEFNE),5
ÖZEL İNCİRLİOVA BAHÇEŞEHİR ANADOLU LİSESİ (AYDIN - İNCİRLİOVA),5
DARICA FEN LİSESİ (KOCAELİ - DARICA),5
PROF. DR. NECMEDDİN ERBAKAN FEN LİSESİ (ERZURUM - YAKUTİYE),5
ADAPAZARI ÖZEL ENKA ANADOLU LİSESİ (SAKARYA - ADAPAZARI),5
SABAHAT-CEMİL ULUPINAR FEN LİSESİ (ZONGULDAK - DEVREK),5
SEVAL-AHMET ÇETİN FEN LİSESİ (TEKİRDAĞ - ÇERKEZKÖY),5
İPEKYOLU BORSA İSTANBUL FEN LİSESİ (VAN - İPEKYOLU),5
ÖZEL KONYA ESENTEPE FEN LİSESİ (KONYA - SELÇUKLU),5
ÖZEL KOCAELİ NESİBE AYDIN FEN LİSESİ (KOCAELİ - İZMİT),5
MAHMUT SAMİ RAMAZANOĞLU ANADOLU İMAM HATİP LİSESİ (KONYA - SELÇUKLU),5
CAHİT ELGİNKAN ANADOLU LİSESİ (KOCAELİ - İZMİT),5
ÖZEL MURADİYE ERKEK FEN LİSESİ (ANKARA - ALTINDAĞ),5
ÖZEL BATMAN FİNAL FEN LİSESİ (BATMAN - MERKEZ),5
ÖZEL KAYSERİ FİNAL FEN LİSESİ (KAYSERİ - TALAS),5
TÜRKİYE BÜYÜK MİLLET MECLİSİ VAKFI BİNGÖL FEN LİSESİ (BİNGÖL - MERKEZ),5
SUAT TERİMER ANADOLU LİSESİ (İSTANBUL - BAYRAMPAŞA),5
BAHÇELİEVLER ANADOLU LİSESİ (İSTANBUL - BAHÇELİEVLER),5
ÇUKUROVA ELEKTRİK ANADOLU LİSESİ (KAHRAMANMARAŞ - ONİKİŞUBAT),5
ÖZEL ESKİŞEHİR BAHÇEŞEHİR FEN VE TEKNOLOJİ LİSESİ (ESKİŞEHİR - TEPEBAŞI),5
MENTEŞE TÜRKİYE ODALAR VE BORSALAR BİRLİĞİ FEN LİSESİ (MUĞLA - MENTEŞE),5
MİLLİ İRADE KIZ ANADOLU İMAM HATİP LİSESİ (ŞANLIURFA - KARAKÖPRÜ),5
MEV KOLEJİ ÖZEL ANKARA FEN LİSESİ (ANKARA - ÇANKAYA),5
İZMİR KIZ LİSESİ (İZMİR - KONAK),5
MEV KOLEJİ ÖZEL GÜZELBAHÇE FEN LİSESİ (İZMİR - GÜZELBAHÇE),5
ÖZEL MUDANYA YOLU FARKLI KALİTE MODERN FEN LİSESİ (BURSA - MUDANYA),5
ÖZEL BİLİM KAMPÜS ANADOLU LİSESİ (DENİZLİ - MERKEZEFENDİ),5
MUSTAFA BÜYÜKKAPLAN ANADOLU İMAM HATİP LİSESİ (KONYA - SELÇUKLU),5
ÖZEL ORTACA UĞUR ANADOLU LİSESİ (MUĞLA - ORTACA),5
ÇANAKKALE FEN LİSESİ (ÇANAKKALE - MERKEZ),5
İSTANBUL ERKEK LİSESİ (İSTANBUL - FATİH),5
TİRE BELGİN ATİLA ÇALLIOĞLU FEN LİSESİ (İZMİR - TİRE),5
ÖZEL BÜYÜK FEN LİSESİ (ANKARA - ÇANKAYA),5
ZİLE FEN LİSESİ (TOKAT - ZİLE),5
KARACABEY ULVİYE MATLI FEN LİSESİ (BURSA - KARACABEY),5
ÖZEL ARI FEN LİSESİ (ANKARA - ÇANKAYA),5
ÇİĞLİ FEN LİSESİ (İZMİR - ÇİĞLİ),5
ÖZEL KADİRLİ ÇUKUROVA ARTI KOEJİ FEN LİSESİ (OSMANİYE - KADİRLİ),5
ÖZEL İSTEM KOLEJİ FEN LİSESİ (KAYSERİ - MELİKGAZİ),5
ÖZEL BİLFEN ÇAYYOLU FEN LİSESİ (ANKARA - ÇANKAYA),5
ÖZEL GEBZE BAHÇEŞEHİR FEN VE TEKNOLOJİ LİSESİ (KOCAELİ - GEBZE),5
KADİR HAS ANADOLU LİSESİ (İSTANBUL - MALTEPE),5
ATATÜRK ANADOLU LİSESİ (ANKARA - YENİMAHALLE),5
ADANA TİCARET ODASI ANADOLU LİSESİ (ADANA - SARIÇAM),5
ÖZEL ERDEM FEN LİSESİ (GAZİANTEP - ŞAHİNBEY),5
YAHYA TURAN FEN LİSESİ (HATAY - REYHANLI),5
GÜZELBAHÇE 60.YIL ANADOLU LİSESİ (İZMİR - GÜZELBAHÇE),5
GÜLVEREN ANADOLU LİSESİ (ANTALYA - KEPEZ),5
FATİH SULTAN MEHMET ULUSLARARASI ANADOLU İMAM HATİP LİSESİ (İSTANBUL - FATİH),5
BÜYÜKŞEHİR HÜSEYİN YILDIZ ANADOLU LİSESİ (İSTANBUL - BEYLİKDÜZÜ),5
MACİDE-RAMİZ TAŞKINLAR FEN LİSESİ (MANİSA - AKHİSAR),5
VECİHİ HÜRKUŞ ANADOLU LİSESİ (ANKARA - KEÇİÖREN),5
NİKSAR PROF. DR. MUSTAFA EROL TURAÇLI FEN LİSESİ (TOKAT - NİKSAR),5
ÖZEL AKDENİZ YÜKSELİŞ FEN LİSESİ (ANTALYA - SERİK),5
ÖZEL GAZİEMİR UĞUR FEN LİSESİ (İZMİR - GAZİEMİR),5
ERCAN AKIN FEN LİSESİ (BURDUR - MERKEZ),5
ÖZEL EGE LİSESİ (İZMİR - BORNOVA),5
HAYDAR ALİYEV FEN LİSESİ (IĞDIR - MERKEZ),5
NİZİP FEN LİSESİ (GAZİANTEP - NİZİP),5
GÖLBAŞI FEN LİSESİ (ADIYAMAN - GÖLBAŞI),5
NECMETTİN ERBAKAN FEN LİSESİ (SAKARYA - ARİFİYE),5
YALOVA-TERMAL FEN LİSESİ (YALOVA - MERKEZ),5
ORTAKLAR FEN LİSESİ (AYDIN - GERMENCİK),5
BELEDİYE FEN LİSESİ (MUĞLA - FETHİYE),5
SALİHLİ SEKİNE EVREN ANADOLU LİSESİ (MANİSA - SALİHLİ),5
TED HATAY KOLEJİ ÖZEL ANADOLU LİSESİ (HATAY - DEFNE),5
ÖZEL BOĞAZİÇİ ŞEHİR FEN LİSESİ (KÜTAHYA - MERKEZ),5
FAHREDDİN KERİM GÖKAY ANADOLU LİSESİ (İSTANBUL - KÜÇÜKÇEKMECE),5
GÜLTEN-ALİ ZİYAN ANADOLU LİSESİ (OSMANİYE - KADİRLİ),5
ÖZEL OSMANİYE İSTEK FEN LİSESİ (OSMANİYE - MERKEZ),5
ÖZEL SİMYA FEN LİSESİ (HATAY - BELEN),5
ÖZEL EREĞLİ SİMYA FEN LİSESİ (KONYA - EREĞLİ),6
BÜYÜKÇEKMECE ATATÜRK ANADOLU LİSESİ (İSTANBUL - BÜYÜKÇEKMECE),6
ESENYURT NAKİPOĞLU CUMHURİYET ANADOLU LİSESİ (İSTANBUL - ESENYURT),6
AHMET HAMDİ GÖKBAYRAK FEN LİSESİ (BURSA - OSMANGAZİ),6
İSTEK ÖZEL ATANUR OĞUZ FEN LİSESİ (İSTANBUL - BEŞİKTAŞ),6
ÖZEL FİNAL FEN LİSESİ (DENİZLİ - MERKEZEFENDİ),6
ÖZEL İZMİR AMERİKAN KOLEJİ (İZMİR - KONAK),6
ÖZEL SULAR FEN LİSESİ (ADANA - SEYHAN),6
ŞEHİT OSMAN ARSLAN KIZ ANADOLU İMAM HATİP LİSESİ (ÇORUM - MERKEZ),6
ALTINŞEHİR ANADOLU LİSESİ (ADIYAMAN - MERKEZ),6
İSTEK ÖZEL BİLGE KAĞAN FEN LİSESİ (İSTANBUL - BAKIRKÖY),6
ÖZEL ÇAKABEY LİSESİ (İZMİR - ÇİĞLİ),6
AYFER-CEYLAN EMET FEN LİSESİ (AFYONKARAHİSAR - BOLVADİN),6
ATATÜRK ÜNİVERSİTESİ SÜHEYLA SITKI ALP ÖZEL FEN LİSESİ (ERZURUM - YAKUTİYE),6
ÖZEL ESKİŞEHİR BAŞARI ANADOLU LİSESİ (ESKİŞEHİR - ODUNPAZARI),6
ÖZEL ANTALYA LARA BAHÇEŞEHİR ANADOLU LİSESİ (ANTALYA - MURATPAŞA),6
TARSUS ŞEHİT HALİL ÖZDEMİR FEN LİSESİ (MERSİN - TARSUS),6
ŞÜKRÜ ŞANKAYA ANADOLU LİSESİ (BURSA - OSMANGAZİ),6
ADEM-TOLUNAY ANADOLU LİSESİ (ANTALYA - MURATPAŞA),6
ÖZEL BİLNET FEN LİSESİ (BALIKESİR - ALTIEYLÜL),6
ÖZEL ÇAĞLAYAN KIZ FEN LİSESİ (ANKARA - YENİMAHALLE),6
ÖZEL DÜNYA KOLEJİ FEN LİSESİ (İZMİR - ÖDEMİŞ),6
ERTUĞRUL GAZİ ANADOLU İMAM HATİP LİSESİ (UŞAK - MERKEZ),6
AKSU FEN LİSESİ (ANTALYA - AKSU),6
BORSA İSTANBUL ZEYTİNBURNU ANADOLU LİSESİ (İSTANBUL - ZEYTİNBURNU),6
ATATÜRK LİSESİ (ESKİŞEHİR - ODUNPAZARI),6
ÖZEL BAŞAKŞEHİR FİNAL FEN LİSESİ (İSTANBUL - BAŞAKŞEHİR),6
ÖZEL GAZİANTEP BAHÇEŞEHİR KOLEJİ FEN TEKNOLOJİ LİSESİ (GAZİANTEP - ŞAHİNBEY),6
ÖZEL BİLFEN FEN LİSESİ (İZMİR - BORNOVA),6
ECZACI BAHATTİN-SEVİNÇ ERDİNÇ FEN LİSESİ (ADANA - CEYHAN),6
TEVFİK İLERİ ANADOLU İMAM HATİP LİSESİ (ANKARA - YENİMAHALLE),6
ÖZEL JALE TEZER FEN LİSESİ (ANKARA - ÇANKAYA),6
SELÇUK ANADOLU LİSESİ (SİVAS - MERKEZ),6
ÖZEL GAZİEMİR UĞUR ANADOLU LİSESİ (İZMİR - GAZİEMİR),6
ÖZEL ÜÇ MART HALİL GÜLEÇ FEN LİSESİ (BURSA - NİLÜFER),6
ŞEHİT İBRAHİM ARMUT FEN LİSESİ (MERSİN - ANAMUR),6
ÖZEL BEŞGEN ANADOLU LİSESİ (ANKARA - ÇANKAYA),6
HAVVA-SEDAT AVCIOĞLU FEN LİSESİ (ANTALYA - KUMLUCA),6
BORSA İSTANBUL FEN LİSESİ (DİYARBAKIR - BAĞLAR),6
ELBİSTAN BORSA İSTANBUL FEN LİSESİ (KAHRAMANMARAŞ - ELBİSTAN),6
ÖZEL MUSTAFA KEMAL FİNAL ANADOLU LİSESİ (ANKARA - ÇANKAYA),6
ÖZEL EVRE FEN LİSESİ (MERSİN - YENİŞEHİR),6
BAŞKENT ÜNİVERSİTESİ ÖZEL AYŞEABLA FEN LİSESİ (ANKARA - ÇANKAYA),6
GAZİANTEP ANADOLU LİSESİ (GAZİANTEP - ŞEHİTKAMİL),6
BEŞİKTAŞ SAKIP SABANCI ANADOLU LİSESİ (İSTANBUL - BEŞİKTAŞ),6
SAMİ YANGIN ANADOLU LİSESİ (KAYSERİ - KOCASİNAN),6
GÖNEN FEN LİSESİ (ISPARTA - GÖNEN),6
RECEP TAYYİP ERDOĞAN ANADOLU İMAM HATİP LİSESİ (NEVŞEHİR - MERKEZ),6
NİŞANTAŞI NURİ AKIN ANADOLU LİSESİ (İSTANBUL - ŞİŞLİ),6
ALPARSLAN GAZİ ANADOLU LİSESİ (KARABÜK - MERKEZ),6
MERSİN TİCARET VE SANAYİ ODASI ANADOLU LİSESİ (MERSİN - TOROSLAR),6
TED ESKİŞEHİR KOLEJİ ÖZEL ANADOLU LİSESİ (ESKİŞEHİR - TEPEBAŞI),6
İZZET BAYSAL ANADOLU LİSESİ (BOLU - MERKEZ),6
ÖZEL BİLFEN ÜSKÜDAR FEN LİSESİ (İSTANBUL - ÜSKÜDAR),6
TED KAYSERİ KOLEJİ VAKFI ÖZEL LİSESİ (KAYSERİ - KOCASİNAN),6
ATATÜRK ANADOLU LİSESİ (NİĞDE - MERKEZ),6
MUT OSMAN NURİ YALMAN ANADOLU LİSESİ (MERSİN - MUT),6
ARNAVUTKÖY KORKMAZ YİĞİT ANADOLU LİSESİ (İSTANBUL - BEŞİKTAŞ),6
KIRŞEHİR AHİ EVRAN ANADOLU LİSESİ (KIRŞEHİR - MERKEZ),6
ÖZEL MEFKURE FEN LİSESİ (SAKARYA - ERENLER),6
ÖZEL NAKKAŞTEPE BAHÇEŞEHİR KOLEJİ 50. YIL ANADOLU LİSESİ (İSTANBUL - ÜSKÜDAR),6
BURSA ERKEK LİSESİ (BURSA - OSMANGAZİ),6
ÖZEL NUN ANADOLU LİSESİ (İSTANBUL - BEYKOZ),6
ÖZEL YALOVA UĞUR FEN LİSESİ (YALOVA - MERKEZ),6
VAKFIKEBİR FEN LİSESİ (TRABZON - VAKFIKEBİR),6
ARAŞTIRMA GELİŞTİRME EĞİTİM VE UYGULAMA MERKEZİ LİSESİ (İSTANBUL - ÜSKÜDAR),6
TEV ORHAN ÇETİN FEN LİSESİ (EDİRNE - UZUNKÖPRÜ),6
PAZARCIK FEN LİSESİ (KAHRAMANMARAŞ - PAZARCIK),6
MEHMET KOLOĞLU ANADOLU LİSESİ (ELAZIĞ - MERKEZ),6
15 TEMMUZ ŞEHİTLER FEN LİSESİ (KOCAELİ - ÇAYIROVA),6
ÇANKIRI TÜRKİYE ODALAR VE BORSALAR BİRLİĞİ FEN LİSESİ (ÇANKIRI - MERKEZ),6
ÖZEL FİNAL AKADEMİ FEN LİSESİ (DİYARBAKIR - ERGANİ),6
HABİRE YAHŞİ ANADOLU LİSESİ (İSTANBUL - ATAŞEHİR),6
İÇEL ANADOLU LİSESİ (MERSİN - MEZİTLİ),6
TED KARABÜK KOLEJİ VAKFI ÖZEL ANADOLU LİSESİ (KARABÜK - MERKEZ),6
FLORYA TEVFİK ERCAN ANADOLU LİSESİ (İSTANBUL - BAKIRKÖY),6
ŞANLIURFA ANADOLU LİSESİ (ŞANLIURFA - HALİLİYE),6
CİZRE FEN LİSESİ (ŞIRNAK - CİZRE),6
KARŞIYAKA CİHAT KORA ANADOLU LİSESİ (İZMİR - KARŞIYAKA),6
KAYSERİ FEN LİSESİ (KAYSERİ - MELİKGAZİ),6
EREĞLİ FEN LİSESİ (KONYA - EREĞLİ),6
ÖZEL MERSİN EVRENSEL KÜLTÜR ANADOLU LİSESİ (MERSİN - YENİŞEHİR),6
TÜRKİYE ODALAR VE BORSALAR BİRLİĞİ KIZ ANADOLU İMAM HATİP LİSESİ (ADIYAMAN - MERKEZ),6
ÇARŞAMBA FEN LİSESİ (SAMSUN - ÇARŞAMBA),6
ÖZEL MERSİN BİREY AKADEMİ ANADOLU LİSESİ (MERSİN - YENİŞEHİR),6
BOZÜYÜK FEN LİSESİ (BİLECİK - BOZÜYÜK),7
ÖZEL TAKEV FEN LİSESİ (İZMİR - NARLIDERE),7
EYÜPSULTAN ANADOLU LİSESİ (İSTANBUL - EYÜPSULTAN),7
BEHİYE DR.NEVHİZ IŞIL ANADOLU LİSESİ (İSTANBUL - TUZLA),7
ÖZEL DİYARBAKIR HÜRRİYET FEN LİSESİ (DİYARBAKIR - KAYAPINAR),7
ÖZEL BURÇAK EYÜBOĞLU FEN VE TEKNOLOJİ LİSESİ (İSTANBUL - ÜMRANİYE),7
MERKEZ BANKASI DERİNCE ANADOLU LİSESİ (KOCAELİ - DERİNCE),7
MALTEPE FEN LİSESİ (İSTANBUL - MALTEPE),7
ŞEHİT ÖMER HALİSDEMİR ANADOLU İMAM HATİP LİSESİ (ANKARA - YENİMAHALLE),7
ŞEHİT ABDULKADİR KILAVUZ ANADOLU LİSESİ (UŞAK - MERKEZ),7
ERGANİ FEN LİSESİ (DİYARBAKIR - ERGANİ),7
ATAKENT ANADOLU LİSESİ (İSTANBUL - KÜÇÜKÇEKMECE),7
ÖZEL ÇORUM ADA ANADOLU LİSESİ (ÇORUM - MERKEZ),7
ÖZEL JALE TEZER BİLİM FEN LİSESİ (ANKARA - ÇANKAYA),7
ÖZEL KEÇİÖREN FİNAL AKADEMİ ANADOLU LİSESİ (ANKARA - KEÇİÖREN),7
ADNAN MENDERES ANADOLU İMAM HATİP LİSESİ (AYDIN - EFELER),7
ÖZEL İLKE BİREY FEN LİSESİ (TRABZON - ORTAHİSAR),7
AHMET KABAKLI FEN LİSESİ (ELAZIĞ - MERKEZ),7
FATSA FEN LİSESİ (ORDU - FATSA),7
ÖZEL DARUŞŞAFAKA LİSESİ (İSTANBUL - SARIYER),7
ÖZEL VAN MEKTEBİM FEN LİSESİ (VAN - EDREMİT),7
SİVAS LİSESİ (SİVAS - MERKEZ),7
GÖZTEPE İHSAN KURŞUNOĞLU ANADOLU LİSESİ (İSTANBUL - KADIKÖY),7
TES-İŞ ANADOLU LİSESİ (ŞANLIURFA - EYYÜBİYE),7
İSTİKLAL MAKZUME ANADOLU LİSESİ (HATAY - İSKENDERUN),7
BATMAN ANADOLU LİSESİ (BATMAN - MERKEZ),7
ÖZEL MOD ERYAMAN FEN LİSESİ (ANKARA - ETİMESGUT),7
İSTEK ÖZEL ULUĞBEY FEN LİSESİ (İSTANBUL - KARTAL),7
ABDÜLHAMİD HAN FEN LİSESİ (AKSARAY - MERKEZ),7
ÖZEL YENİ İZLER FEN LİSESİ (ŞANLIURFA - KARAKÖPRÜ),7
GÖLHİSAR FEN LİSESİ (BURDUR - GÖLHİSAR),7
ASIMIN NESLİ ANADOLU İMAM HATİP LİSESİ (AYDIN - NAZİLLİ),7
ENERJİSA BANDIRMA FEN LİSESİ (BALIKESİR - BANDIRMA),7
SAMİHA AYVERDİ ANADOLU LİSESİ (İSTANBUL - ZEYTİNBURNU),7
TED ÖZEL ATAKENT ANADOLU LİSESİ (İSTANBUL - KÜÇÜKÇEKMECE),7
GELİBOLU FEN LİSESİ (ÇANAKKALE - GELİBOLU),7
YUNUS EMRE ANADOLU LİSESİ (İZMİR - BORNOVA),7
ÖZEL ANKARA FİNAL ANADOLU LİSESİ (ANKARA - YENİMAHALLE),7
FATİH ANADOLU LİSESİ (MANİSA - YUNUSEMRE),7
ÖZEL MERSİN UĞUR FEN LİSESİ (MERSİN - YENİŞEHİR),7
YALVAÇ FEN LİSESİ (ISPARTA - YALVAÇ),7
ÖZEL İDEAL EĞİTİM ANADOLU LİSESİ (KAYSERİ - TALAS),7
ŞEHİT HÜSEYİN KAVAKLI FEN LİSESİ (AMASYA - SULUOVA),7
İRFAN ATASEVEN ANADOLU LİSESİ (KARAMAN - MERKEZ),7
ÖZEL VAN NAZMİ ARIKAN FEN BİLİMLERİ FEN LİSESİ (VAN - İPEKYOLU),7
KADIKÖY AHMET SANİ GEZİCİ KIZ ANADOLU İMAM HATİP LİSESİ (İSTANBUL - KADIKÖY),7
BURSA İPEKÇİLİK ANADOLU İMAM HATİP LİSESİ (BURSA - YILDIRIM),7
ÖZEL TARSUS AMERİKAN KOLEJİ (MERSİN - TARSUS),7
ÖZEL KÜLTÜR ANADOLU LİSESİ (MERSİN - YENİŞEHİR),7
SINAV KOLEJİ ÖZEL ANKARA FEN LİSESİ (ANKARA - ÇANKAYA),7
ATAKUM ANADOLU İMAM HATİP LİSESİ (SAMSUN - ATAKUM),7
KERNEK ANADOLU LİSESİ (MALATYA - YEŞİLYURT),7
ŞEHİT MURAT AKDEMİR ANADOLU İMAM HATİP LİSESİ (KARABÜK - SAFRANBOLU),7
SİMAV FEN LİSESİ (KÜTAHYA - SİMAV),7
PENDİK FATİH ANADOLU LİSESİ (İSTANBUL - PENDİK),7
ÖZEL ETİMESGUT FİNAL AKADEMİ ANADOLU LİSESİ (ANKARA - ETİMESGUT),7
İTO İBRAHİM ÇAĞLAR ANADOLU İMAM HATİP LİSESİ (İSTANBUL - ARNAVUTKÖY),7
HASAN POLATKAN ANADOLU LİSESİ (İSTANBUL - BAKIRKÖY),7
TUŞBA TÜRKİYE ODALAR VE BORSALAR BİRLİĞİ FEN LİSESİ (VAN - TUŞBA),7
ÇEAŞ ŞANLIURFA ANADOLU LİSESİ (ŞANLIURFA - HALİLİYE),7
ŞEHİT SELÇUK GÜRDAL ANADOLU LİSESİ (İSTANBUL - ARNAVUTKÖY),7
AHMED ARİF ANADOLU LİSESİ (DİYARBAKIR - YENİŞEHİR),7
ÖZEL ÇEVRE KOLEJİ (İSTANBUL - KADIKÖY),7
ÖZEL FATSA BAHÇEŞEHİR FEN LİSESİ (ORDU - FATSA),7
DİNAR FEN LİSESİ (AFYONKARAHİSAR - DİNAR),7
ÖZEL BATIKENT MELTEM AYHAN FEN LİSESİ (ANKARA - YENİMAHALLE),7
AYTEN KEMAL AKINAL ANADOLU LİSESİ (GAZİANTEP - ŞEHİTKAMİL),7
MEHMET HADİ KAHRAMAN FEN LİSESİ (MARDİN - KIZILTEPE),7
NECMETTİN ERBAKAN ANADOLU İMAM HATİP LİSESİ (KAHRAMANMARAŞ - ONİKİŞUBAT),7
ÖZEL BEYZA ENDERUN FEN LİSESİ (KAHRAMANMARAŞ - ONİKİŞUBAT),7
TERME FEN LİSESİ (SAMSUN - TERME),7
TUNCELİ TÜRK TELEKOM FEN LİSESİ (TUNCELİ - MERKEZ),7
YAVUZ SULTAN SELİM ANADOLU LİSESİ (ANKARA - MAMAK),7
ERCİYES ANADOLU İMAM HATİP LİSESİ (KAYSERİ - MELİKGAZİ),7
ÖZEL KARAMAN BAŞARI FEN LİSESİ (KARAMAN - MERKEZ),7
ÖZEL TURUNCU FEN LİSESİ (İZMİR - TORBALI),7
ÖZEL ÇINAR FEN LİSESİ (İSTANBUL - BAŞAKŞEHİR),7
SİLİFKE FEN LİSESİ (MERSİN - SİLİFKE),7
ÖZEL ERAL ANADOLU LİSESİ (ADANA - ÇUKUROVA),7
ÖMER DERİNDERE FEN LİSESİ (ÇORUM - OSMANCIK),7
ÖZEL GAZİANTEP İŞLEM FEN LİSESİ (GAZİANTEP - ŞEHİTKAMİL),7
ÖZEL MODERN ANKARA ÇINAR ANADOLU LİSESİ (ANKARA - ÇANKAYA),7
ÖZEL İAOSB NEDİM UYSAL MESLEKİ VE TEKNİK ANADOLU LİSESİ (İZMİR - ÇİĞLİ),7
ÖZEL BAHÇEŞEHİR FEN LİSESİ (KAYSERİ - MELİKGAZİ),7
DURMUŞ ALİ ÇOBAN ANADOLU LİSESİ (DENİZLİ - MERKEZEFENDİ),8
AZİZ SANCAR ANADOLU LİSESİ (İSTANBUL - SULTANBEYLİ),8
MERİNOS ALİ ERDEMOĞLU FEN LİSESİ (ADIYAMAN - BESNİ),8
ÖZEL BİLGİ FEN LİSESİ (TOKAT - MERKEZ),8
OSMANGAZİ GAZİ ANADOLU LİSESİ (BURSA - OSMANGAZİ),8
MELİHA HASANALİ BOSTAN ÇUBUK FEN LİSESİ (ANKARA - ÇUBUK),8
ÖZEL ANTALYA RENK FEN LİSESİ (ANTALYA - MURATPAŞA),8
ÖZEL ELAZIĞ FİNAL AKADEMİ FEN LİSESİ (ELAZIĞ - MERKEZ),8
ÖZEL YANKI ANADOLU LİSESİ (ANKARA - ETİMESGUT),8
ÖZEL BURSA FEN GURUP FEN LİSESİ (BURSA - NİLÜFER),8
TAHİR BÜYÜKKÖRÜKÇÜ ANADOLU İMAM HATİP LİSESİ (KONYA - MERAM),8
MUSTAFA KAYNAK ANADOLU LİSESİ (DENİZLİ - MERKEZEFENDİ),8
GÜNEYSU ŞEHİT KEMAL MUTLU FEN LİSESİ (RİZE - GÜNEYSU),8
ILGIN TİCARET BORSASI FEN LİSESİ (KONYA - ILGIN),8
DÜZCE ANADOLU İMAM HATİP LİSESİ (DÜZCE - MERKEZ),8
ÖZEL SALİHLİ BAHÇEŞEHİR KOLEJİ FEN LİSESİ (MANİSA - SALİHLİ),8
ÖZEL SERDİVAN ALTINKÜRE FEN LİSESİ (SAKARYA - SERDİVAN),8
KONAK ANADOLU LİSESİ (İZMİR - KONAK),8
ÖZEL ISPARTA BÜYÜK BAŞARI KOLEJİ ANADOLU LİSESİ (ISPARTA - MERKEZ),8
TED AFYON KOLEJİ ÖZEL ANADOLU LİSESİ (AFYONKARAHİSAR - MERKEZ),8
NUH MEHMET BALDÖKTÜ ANADOLU LİSESİ (KAYSERİ - MELİKGAZİ),8
MEHMET AKİF ERSOY KIZ ANADOLU İMAM HATİP LİSESİ (KOCAELİ - İZMİT),8
MANAVGAT ANADOLU LİSESİ (ANTALYA - MANAVGAT),8
ÇANAKKALE ÖZEL FEN LİSESİ (ÇANAKKALE - MERKEZ),8
ÖZEL MUSTAFAKEMALPAŞA SINAV KOLEJİ FEN LİSESİ (BURSA - MUSTAFAKEMALPAŞA),8
ŞEHİT MUSTAFA SEZGİN KIZ ANADOLU İMAM HATİP LİSESİ (KAYSERİ - MELİKGAZİ),8
MEV KOLEJİ ÖZEL BÜYÜKÇEKMECE FEN LİSESİ (İSTANBUL - BÜYÜKÇEKMECE),8
ÖZEL SEÇKİN BİLİM KOLEJİ FEN LİSESİ (ORDU - ALTINORDU),8
ÖZEL PROFESYONEL EĞİTİM AKADEMİSİ (PEMA) ANADOLU LİSESİ (KONYA - SELÇUKLU),8
ÜRGÜP TESAN FEN LİSESİ (NEVŞEHİR - ÜRGÜP),8
FATİH ANADOLU LİSESİ (ADIYAMAN - MERKEZ),8
DOLAPOĞLU ANADOLU LİSESİ (KONYA - SELÇUKLU),8
MALATYA ANADOLU LİSESİ (MALATYA - BATTALGAZİ),8
TEKİRDAĞ ANADOLU LİSESİ (TEKİRDAĞ - SÜLEYMANPAŞA),8
GEDİZ FEN LİSESİ (KÜTAHYA - GEDİZ),8
MİDYAT ANADOLU İMAM HATİP LİSESİ (MARDİN - MİDYAT),8
MEVLANA ANADOLU LİSESİ (İSTANBUL - GAZİOSMANPAŞA),8
ŞEHİT ADİL BÜYÜKCENGİZ ANADOLU İMAM HATİP LİSESİ (İSTANBUL - PENDİK),8
FATİH ANADOLU LİSESİ (ANKARA - SİNCAN),8
KÖYCEĞİZ FEN LİSESİ (MUĞLA - KÖYCEĞİZ),8
BİSMİL FEN LİSESİ (DİYARBAKIR - BİSMİL),8
SÖKE YAVUZ SELİM ANADOLU LİSESİ (AYDIN - SÖKE),8
EREĞLİ LİSESİ (KONYA - EREĞLİ),8
DEDE KORKUT ANADOLU LİSESİ (İSTANBUL - BAHÇELİEVLER),8
15 TEMMUZ ŞEHİTLER ANADOLU LİSESİ (İZMİR - KARŞIYAKA),8
NURİ NİHAT ASLANOBA ANADOLU LİSESİ (BURSA - YILDIRIM),8
KAHTA BORSA İSTANBUL FEN LİSESİ (ADIYAMAN - KAHTA),8
ÖZEL GELECEK EGEFEN ANADOLU LİSESİ (AYDIN - EFELER),8
HİKMET KİLER FEN LİSESİ (BİTLİS - MERKEZ),8
ÖZEL SERDİVAN TEKSEN ANADOLU LİSESİ (SAKARYA - SERDİVAN),8
ÖZEL BURSA SINAV KOLEJİ FEN LİSESİ (BURSA - NİLÜFER),8
ÖZEL ADANA DOĞA FEN LİSESİ (ADANA - ÇUKUROVA),8
TATVAN FEN LİSESİ (BİTLİS - TATVAN),8
İSMAİL SAFA ÖZLER ANADOLU LİSESİ (ADANA - ÇUKUROVA),8
BORSA İSTANBUL İSLAHİYE FEN LİSESİ (GAZİANTEP - İSLAHİYE),8
ÖZEL SELÇUKLU YÖNTEM FEN LİSESİ (KONYA - SELÇUKLU),8
SİNOP FEN LİSESİ (SİNOP - MERKEZ),8
MİLAS ANADOLU LİSESİ (MUĞLA - MİLAS),8
ADNAN MENDERES ANADOLU LİSESİ (DİYARBAKIR - KAYAPINAR),8
ÖZEL SEDAT AKDOĞAN PANCARLI ANADOLU LİSESİ (GAZİANTEP - ŞEHİTKAMİL),8
ÖZEL ARTI BİLGİ FEN LİSESİ (SAMSUN - CANİK),8
ÖZEL ERYAMAN SINAV KOLEJİ FEN LİSESİ (ANKARA - ETİMESGUT),8
POLATLI TOBB FEN LİSESİ (ANKARA - POLATLI),8
ALAŞEHİR FEN LİSESİ (MANİSA - ALAŞEHİR),8
ÖZEL İHLAS FEN LİSESİ (İSTANBUL - BAHÇELİEVLER),8
ÖZEL HÜRRİYET FEN LİSESİ (VAN - EDREMİT),8
ÖZEL ISPARTA FİNAL AKADEMİ FEN LİSESİ (ISPARTA - MERKEZ),8
ÖZEL SINAV KOLEJİ ŞAHİN FEN LİSESİ (KOCAELİ - KARTEPE),8
ŞEHİT ŞİRİN DİRİL KIZ ANADOLU İMAM HATİP LİSESİ (İSTANBUL - BÜYÜKÇEKMECE),8
KEREM AYDINLAR FEN LİSESİ (MALATYA - ARAPGİR),8
BORSA İSTANBUL FEN LİSESİ (ESKİŞEHİR - TEPEBAŞI),8
ATATÜRK ANADOLU LİSESİ (ÇORUM - MERKEZ),8
ÜMİTKÖY ANADOLU LİSESİ (ANKARA - ÇANKAYA),8
NİŞANTAŞI ANADOLU LİSESİ (İSTANBUL - ŞİŞLİ),8
ÖZEL DENİZLİ GELİŞİM KOLEJİ FEN LİSESİ (DENİZLİ - MERKEZEFENDİ),8
ÖZEL KIRŞEHİR SİMYA FEN LİSESİ (KIRŞEHİR - MERKEZ),8
SAMSUN ANADOLU LİSESİ (SAMSUN - İLKADIM),8
NİYAZİ TÜRKMENOĞLU ANADOLU LİSESİ (VAN - İPEKYOLU),8
GÜMÜŞHANE TÜRK TELEKOM FEN LİSESİ (GÜMÜŞHANE - MERKEZ),8
DÜZCE TURGUT ÖZAL ANADOLU LİSESİ (DÜZCE - MERKEZ),8
ÖZEL MEKTEBİM KOLEJİ BİLİM KAMPÜSÜ FEN LİSESİ (DİYARBAKIR - KAYAPINAR),8
HAYRULLAH KEFOĞLU ANADOLU LİSESİ (İSTANBUL - KADIKÖY),8
ADANA KIVANÇ ANADOLU İMAM HATİP LİSESİ (ADANA - SEYHAN),8
POLATLI ANADOLU LİSESİ (ANKARA - POLATLI),8
ÖZEL LİSAN FEN EĞİTİM KURUMLARI GÜNEY FEN LİSESİ (MERSİN - YENİŞEHİR),8
SÜLEYMAN NAZİF ANADOLU LİSESİ (İSTANBUL - AVCILAR),9
ÖZEL GÜLEÇ ABC FEN LİSESİ (KIRIKKALE - MERKEZ),9
VİRANŞEHİR FEN LİSESİ (ŞANLIURFA - VİRANŞEHİR),9
ÖZEL UZMANLAR ANADOLU LİSESİ (YALOVA - MERKEZ),9
FATİH ANADOLU LİSESİ (ADANA - KOZAN),9
SIRRI YIRCALI ANADOLU LİSESİ (BALIKESİR - KARESİ),9
KIRKLARELİ FEN LİSESİ (KIRKLARELİ - MERKEZ),9
ÖZEL ÇANAKKALE BAŞARI FEN LİSESİ (ÇANAKKALE - MERKEZ),9
SEYHAN ROTARY ANADOLU LİSESİ (ADANA - YÜREĞİR),9
ÖZEL AMASYA KUTLUBEY KOLEJİ FEN LİSESİ (AMASYA - MERKEZ),9
KARS FEN LİSESİ (KARS - MERKEZ),9
MAT-FKB ÖZEL GELİŞİM FEN LİSESİ (ESKİŞEHİR - TEPEBAŞI),9
ÇİNE MADRAN ANADOLU LİSESİ (AYDIN - ÇİNE),9
ZONGULDAK BORSA İSTANBUL ANADOLU LİSESİ (ZONGULDAK - MERKEZ),9
MERKEZEFENDİ BELEDİYESİ ANADOLU İMAM HATİP LİSESİ (DENİZLİ - MERKEZEFENDİ),9
ULUSLARARASI PENDİK KIZ ANADOLU İMAM HATİP LİSESİ (İSTANBUL - PENDİK),9
ÇORUM BELEDİYESİ PROF. DR. HAYREDDİN KARAMAN ANADOLU İMAM HATİP LİSESİ (ÇORUM - MERKEZ),9
ÖZEL MAVİ ADAY ANADOLU LİSESİ (SAMSUN - BAFRA),9
DARICA ÜLKÜN YALÇIN ANADOLU LİSESİ (KOCAELİ - DARICA),9
ÖZEL MATEMATİK FEN BİLİMLERİ FEN LİSESİ (SAMSUN - İLKADIM),9
75.YIL ANADOLU LİSESİ (ADANA - YÜREĞİR),9
GAZİ OSMAN PAŞA LİSESİ (TOKAT - MERKEZ),9
ÖZEL ÇUBUK HEDEFİM ANADOLU LİSESİ (ANKARA - ÇUBUK),9
İSKENDERUN CUMHURİYET ANADOLU LİSESİ (HATAY - İSKENDERUN),9
MEHMET NİYAZİ ALTUĞ ANADOLU LİSESİ (İSTANBUL - BAĞCILAR),9
GÜNGÖREN İSTANBUL TİCARET ODASI KIZ ANADOLU İMAM HATİP LİSESİ (İSTANBUL - GÜNGÖREN),9
ÖZEL ŞANLIURFA SARAÇ İLGİ OKULLARI ANADOLU LİSESİ (ŞANLIURFA - KARAKÖPRÜ),9
ŞEHİT MUHSİN KİREMİTÇİ FEN LİSESİ (KONYA - SEYDİŞEHİR),9
ERMENEK UYSAL-HASAN KALAN FEN LİSESİ (KARAMAN - ERMENEK),9
SEBAHATTİN AKYÜZ FEN LİSESİ (MUĞLA - MİLAS),9
ÖZEL KONAKLAR CİHANGİR FEN LİSESİ (KAYSERİ - MELİKGAZİ),9
ADİLE MERMERCİ ANADOLU LİSESİ (İSTANBUL - ZEYTİNBURNU),9
TOBB FERDİ YİĞİT ANADOLU İMAM HATİP LİSESİ (DİYARBAKIR - BAĞLAR),9
ÇEMBERLİTAŞ ANADOLU LİSESİ (İSTANBUL - FATİH),9
NECİP FAZIL KISAKÜREK ANADOLU LİSESİ (KÜTAHYA - MERKEZ),9
BEŞİKTAŞ ANADOLU LİSESİ (İSTANBUL - BEŞİKTAŞ),9
KDZ. EREĞLİ ANADOLU LİSESİ (ZONGULDAK - EREĞLİ),9
AKHİSAR ŞEYH İSA ANADOLU LİSESİ (MANİSA - AKHİSAR),9
NAİM ATAKAŞ ANADOLU LİSESİ (HATAY - KIRIKHAN),9
ÖZEL ALAPLI BAHÇEŞEHİR KOLEJİ FEN LİSESİ (ZONGULDAK - ALAPLI),9
ELBİSTAN ANADOLU LİSESİ (KAHRAMANMARAŞ - ELBİSTAN),9
ATATÜRK ANADOLU LİSESİ (SİİRT - MERKEZ),9
ERDEM BAYAZIT ANADOLU LİSESİ (KAHRAMANMARAŞ - ONİKİŞUBAT),9
ÖZEL ÇANAKKALE KAMPÜS KOLEJİ FEN LİSESİ (ÇANAKKALE - MERKEZ),9
ÖZEL ADANA FİNAL ANADOLU LİSESİ (ADANA - ÇUKUROVA),9
SEYHAN DANİŞMENT GAZİ ANADOLU LİSESİ (ADANA - SEYHAN),9
MALATYA LİSESİ (MALATYA - BATTALGAZİ),9
ÖZEL AĞRI DOĞA ANADOLU LİSESİ (AĞRI - MERKEZ),9
TOSYA FEN LİSESİ (KASTAMONU - TOSYA),9
KAMİL MİRAS ANADOLU LİSESİ (AFYONKARAHİSAR - MERKEZ),9
ÖZEL TEMEL DEĞERLER FEN LİSESİ (KONYA - SELÇUKLU),9
GAZİPAŞA FEN LİSESİ (ANTALYA - GAZİPAŞA),9
KEŞAP FEN LİSESİ (GİRESUN - KEŞAP),9
ÖZEL AYDIN PUSULA KOLEJİ ANADOLU LİSESİ (AYDIN - EFELER),9
ULUBATLI HASAN ANADOLU LİSESİ (BURSA - YILDIRIM),9
TÜLAY BAŞARAN ANADOLU LİSESİ (SAMSUN - İLKADIM),9
MARDİN ANADOLU LİSESİ (MARDİN - ARTUKLU),9
ÖZEL EDİRNE TED KOLEJİ ANADOLU LİSESİ (EDİRNE - MERKEZ),9
DR. İLHAMİ TANKUT ANADOLU LİSESİ (ANTALYA - KONYAALTI),9
EDİRNE LİSESİ (EDİRNE - MERKEZ),9
ÖZEL ERDEMLİ GENİŞ AÇI KOLEJİ ANADOLU LİSESİ (MERSİN - ERDEMLİ),9
MELİKŞAH ANADOLU İMAM HATİP LİSESİ (HATAY - KIRIKHAN),9
İBRAHİM ÖNAL FEN LİSESİ (BURSA - MUSTAFAKEMALPAŞA),9
ŞEHİT YILMAZ ERCAN KIZ ANADOLU İMAM HATİP LİSESİ (SAKARYA - SERDİVAN),9
PİRİ REİS ANADOLU LİSESİ (ADANA - ÇUKUROVA),9
MUSTAFA GÜRBÜZ NECAT BAYEL ANADOLU LİSESİ (GAZİANTEP - ŞAHİNBEY),9
ÖZEL GÜNDOĞDU FEN LİSESİ (ADANA - ÇUKUROVA),9
KARTAL ANADOLU LİSESİ (İSTANBUL - KARTAL),9
FATMA-EMİN KUTVAR ANADOLU LİSESİ (BALIKESİR - KARESİ),9
MED MARİNE TUNCER ŞEN FEN LİSESİ (KOCAELİ - KÖRFEZ),9
ARTVİN FEN LİSESİ (ARTVİN - MERKEZ),9
GAZİ ÜNİVERSİTESİ VAKFI ÖZEL FEN LİSESİ (ANKARA - ÇANKAYA),9
ÖZEL İSTEK ÇANAKKALE BİNDOKUZYÜZONBEŞ FEN LİSESİ (ÇANAKKALE - MERKEZ),9
ÖZEL KIRŞEHİR ANADOLU LİSESİ (KIRŞEHİR - MERKEZ),9
ESENTEPE ANADOLU LİSESİ (ADIYAMAN - MERKEZ),9
ÖZEL TEKDEN FEN LİSESİ (KAYSERİ - MELİKGAZİ),9
GAZİ ANADOLU LİSESİ (İSTANBUL - KÜÇÜKÇEKMECE),9
ÖZEL DİYARBAKIR NESİBE AYDIN FEN LİSESİ (DİYARBAKIR - KAYAPINAR),9
ÖZEL ISPARTA DOĞA ANADOLU LİSESİ (ISPARTA - MERKEZ),9
YILMAZ KAYALAR FEN LİSESİ (TOKAT - ERBAA),9
ÖZEL ALAŞEHİR BAHÇEŞEHİR KOLEJİ FEN LİSESİ (MANİSA - ALAŞEHİR),9
MEHMET BAYDAR ANADOLU LİSESİ (İSTANBUL - AVCILAR),9
ÖZEL MATBİLİM KOLEJİ ANADOLU LİSESİ (ANKARA - ÇANKAYA),9
KEPEZ MAHMUT CELALETTİN ÖKTEN ANADOLU İMAM HATİP LİSESİ (ANTALYA - KEPEZ),9
İSTANBUL RECEP TAYYİP ERDOĞAN ANADOLU İMAM HATİP LİSESİ (İSTANBUL - FATİH),10
ÖZEL KOCAELİ SİMYA FEN LİSESİ (KOCAELİ - KÖRFEZ),10
ÖZEL ORTACA ÇÖZÜM ANADOLU LİSESİ (MUĞLA - ORTACA),10
YÜREĞİR HALICILAR ANADOLU LİSESİ (ADANA - YÜREĞİR),10
ÖZEL KAMPÜS FEN LİSESİ (ANKARA - ÇANKAYA),10
ÖZEL ERCİYES ANADOLU LİSESİ (KAYSERİ - TALAS),10
HACI ÖMER TARMAN ANADOLU LİSESİ (ANKARA - ÇANKAYA),10
ÖZEL ŞAFAK ÖNCÜ KOLEJİ FEN LİSESİ (UŞAK - MERKEZ),10
KAĞITHANE ANADOLU LİSESİ (İSTANBUL - KAĞITHANE),10
ÖZEL YENİ AKDENİZ ANADOLU LİSESİ (HATAY - DÖRTYOL),10
KANUNİ ANADOLU LİSESİ (TRABZON - ORTAHİSAR),10
İSTANBUL ÜSKÜDAR LİSESİ (İSTANBUL - ÜSKÜDAR),10
ÖZEL GAZİANTEP NESİBE AYDIN FEN LİSESİ (GAZİANTEP - ŞEHİTKAMİL),10
ÖZEL KÜLTÜR FEN LİSESİ (İSTANBUL - BAKIRKÖY),10
ÖZEL GÜRÇAĞ FEN LİSESİ (ANKARA - ÇANKAYA),10
BANDIRMA YAVUZ SULTAN SELİM ANADOLU LİSESİ (BALIKESİR - BANDIRMA),10
ÖZEL BALIKESİR KAPLAN MIDIK FEN LİSESİ (BALIKESİR - ALTIEYLÜL),10
MEVLANA ANADOLU LİSESİ (BATMAN - MERKEZ),10
AKYAZI EYYUP GENÇ FEN LİSESİ (SAKARYA - AKYAZI),10
MUSTAFA HAKAN GÜVENÇER FEN LİSESİ (ANKARA - KAHRAMANKAZAN),10
MERSİN YUSUF KALKAVAN ANADOLU LİSESİ (MERSİN - MEZİTLİ),10
ÖZEL BORNOVA ANADOLU LİSESİ (İZMİR - BORNOVA),10
ÖZEL FETHİYE AKADEMİ FEN LİSESİ (MUĞLA - FETHİYE),10
ÜNYE FEN LİSESİ (ORDU - ÜNYE),10
ÖZEL SULAR ANADOLU LİSESİ (ADANA - SEYHAN),10
ÖZEL BANDIRMA BİREY FEN LİSESİ (BALIKESİR - BANDIRMA),10
TP FATIMA ZEHRA KIZ ANADOLU İMAM HATİP LİSESİ (BATMAN - MERKEZ),10
KAZIM KARABEKİR ANADOLU LİSESİ (VAN - İPEKYOLU),10
ÖZEL NENE HATUN KIZ FEN LİSESİ (ANKARA - PURSAKLAR),10
DR.VASIF TOPÇU FEN LİSESİ (İSTANBUL - ŞİLE),10
BERGAMALI KADRİ ANADOLU İMAM HATİP LİSESİ (İZMİR - BERGAMA),10
NEVZAT AYAZ ANADOLU LİSESİ (DİYARBAKIR - YENİŞEHİR),10
ÖZEL SAMSUN ÇİZGİ ÜSTÜ FEN BİLİMLERİ OKULLARI FEN LİSESİ (SAMSUN - İLKADIM),10
BURAK BORA ANADOLU LİSESİ (İSTANBUL - KARTAL),10
SEMA YAZAR ANADOLU LİSESİ (KAYSERİ - MELİKGAZİ),10
İSTANBUL ANADOLU LİSESİ (İSTANBUL - KADIKÖY),10
SUŞEHRİ FEN LİSESİ (SİVAS - SUŞEHRİ),10
KEŞAN FEN LİSESİ (EDİRNE - KEŞAN),10
ÖZEL TED RÖNESANS ANADOLU LİSESİ (İSTANBUL - MALTEPE),10
TÜRK TELEKOM ANADOLU LİSESİ (BATMAN - MERKEZ),10
GAZİ ANADOLU LİSESİ (ADANA - SEYHAN),10
ABDURRAHMANPAŞA LİSESİ (KASTAMONU - MERKEZ),10
ÖZEL ALİ KURT EĞİTİM MERKEZİ ANADOLU LİSESİ (DENİZLİ - PAMUKKALE),10
ÖZEL İDEAL BEŞGEN ANADOLU LİSESİ (ANKARA - ÇANKAYA),10
FATİH SULTAN MEHMET ANADOLU LİSESİ (BARTIN - MERKEZ),10
KAYSERİ LİSESİ (KAYSERİ - MELİKGAZİ),10
ÖZEL ÇUKUROVA ERAL FEN LİSESİ (ADANA - ÇUKUROVA),10
BURSA KIZ LİSESİ (BURSA - OSMANGAZİ),10
ÖZEL KOCAELİ BİLNET FEN LİSESİ (KOCAELİ - İZMİT),10
BÜYÜKŞEHİR BELEDİYESİ ORDU ANADOLU İMAM HATİP LİSESİ (ORDU - ALTINORDU),10
TED SİVAS KOLEJİ ÖZEL ANADOLU LİSESİ (SİVAS - MERKEZ),10
ÖZEL ZEHRA FEN LİSESİ (ANKARA - YENİMAHALLE),10
ÖZEL ANKARA AÇILIM KOLEJİ FEN LİSESİ (ANKARA - ÇANKAYA),10
TED BURSA ÖZEL KOLEJİ (BURSA - MUDANYA),10
AYHAN SÜMER ANADOLU LİSESİ (ANKARA - ÇANKAYA),10
ÖZEL KİPAŞ ANADOLU LİSESİ (KAHRAMANMARAŞ - ONİKİŞUBAT),10
CEYLANPINAR FEN LİSESİ (ŞANLIURFA - CEYLANPINAR),10
ÖZEL TÜRK FEN LİSESİ (İZMİR - KONAK),10
MUSTAFA KOYUNCU FEN LİSESİ (KAYSERİ - YAHYALI),10
DİYARBAKIR ANADOLU LİSESİ (DİYARBAKIR - YENİŞEHİR),10
ÖZEL YENİ YOL ANADOLU LİSESİ (ESKİŞEHİR - TEPEBAŞI),10
AYDINLIKEVLER ANADOLU LİSESİ (ANKARA - KEÇİÖREN),10
HAZIM KULAK ANADOLU LİSESİ (AKSARAY - MERKEZ),10
ŞEHİT ÖĞRETMEN NECMEDDİN KUYUCU ANADOLU LİSESİ (KOCAELİ - GEBZE),10
ANAFARTALAR ANADOLU LİSESİ (SAMSUN - ATAKUM),10
ÇAMLICA KIZ ANADOLU İMAM HATİP LİSESİ (İSTANBUL - ÜSKÜDAR),10
MUHİTTİN MUSTAFA BÖCEK ANADOLU LİSESİ (ANTALYA - KONYAALTI),10
ASELSAN MESLEKİ VE TEKNİK ANADOLU LİSESİ (ANKARA - YENİMAHALLE),10
ÖZEL MUTLU EĞİTİM MODELİ FEN LİSESİ (ŞANLIURFA - KARAKÖPRÜ),10
TURHAL ŞEKER FEN LİSESİ (TOKAT - TURHAL),10
AYDIN LİSESİ (AYDIN - EFELER),10
GAZİOSMANPAŞA ANADOLU LİSESİ (İSTANBUL - GAZİOSMANPAŞA),10
FETHİYE ÖMER ÖZYER ANADOLU LİSESİ (MUĞLA - FETHİYE),10
KIRIKKALE ATATÜRK ANADOLU LİSESİ (KIRIKKALE - MERKEZ),10
ÖZEL KONYAALTI BAHÇEŞEHİR KOLEJİ FEN VE TEKNOLOJİ LİSESİ (ANTALYA - KONYAALTI),10
ÖZEL ANKARA YENİMAHALLE HEDEF AKADEMİ ANADOLU LİSESİ (ANKARA - YENİMAHALLE),10
ÖZEL KADİRLİ BAHÇEŞEHİR KOLEJİ FEN LİSESİ (OSMANİYE - KADİRLİ),10
ÖZEL BİLNET OKULLARI KARŞIYAKA FEN LİSESİ (İZMİR - MENEMEN),10
MİDYAT ANADOLU LİSESİ (MARDİN - MİDYAT),10
ÖZELTEKİRDAĞ AKA FEN LİSESİ (TEKİRDAĞ - SÜLEYMANPAŞA),10
KILIÇOĞLU ANADOLU LİSESİ (ESKİŞEHİR - ODUNPAZARI),10
GÜZELYURT KIZ ANADOLU İMAM HATİP LİSESİ (İSTANBUL - ESENYURT),10
1. KILIÇARSLAN FEN LİSESİ (DİYARBAKIR - SİLVAN),10
ÖZEL P.E.V. AMİROĞLU FEN LİSESİ (DENİZLİ - PAMUKKALE),10
DEVELİ BORSA İSTANBUL FEN LİSESİ (KAYSERİ - DEVELİ),10
GÖYNÜK FEN LİSESİ (ANTALYA - KEMER),11
ÖZEL RİZE LEVENT FEN LİSESİ (RİZE - MERKEZ),11
ÖZEL SEVGİ ANADOLU LİSESİ (ANKARA - GÖLBAŞI),11
PROF. DR. SABAHATTİN ZAİM ANADOLU LİSESİ (İSTANBUL - KÜÇÜKÇEKMECE),11
ŞEHİT AHMET ÖZSOY FEN LİSESİ (İZMİR - MENEMEN),11
BAFRA ANADOLU LİSESİ (SAMSUN - BAFRA),11
NİĞDE YUNUS EMRE ANADOLU LİSESİ (NİĞDE - MERKEZ),11
NAZİLLİ ANADOLU LİSESİ (AYDIN - NAZİLLİ),11
GEREDE FEN LİSESİ (BOLU - GEREDE),11
SEZAİ KARAKOÇ ANADOLU LİSESİ (DİYARBAKIR - YENİŞEHİR),11
MENTEŞE ANADOLU LİSESİ (MUĞLA - MENTEŞE),11
İRFANLI ANADOLU LİSESİ (AMASYA - MERZİFON),11
BUCA FATMA SAYGIN ANADOLU LİSESİ (İZMİR - BUCA),11
KARATAY TOKİ ANADOLU LİSESİ (KONYA - KARATAY),11
ÖZEL TED ÇORUM ANADOLU LİSESİ (ÇORUM - MERKEZ),11
AÇIK ÖĞRETİM LİSESİ ( - MERKEZE BAĞLI TAŞRA),11
ATAKÖY CUMHURİYET ANADOLU LİSESİ (İSTANBUL - BAKIRKÖY),11
HATİCE-CEMİL ERCAN FEN LİSESİ (ANKARA - BEYPAZARI),11
ÖZEL FENTEK KOLEJİ FEN LİSESİ (KAYSERİ - KOCASİNAN),11
ABDULKERİM BENGİ ANADOLU LİSESİ (MERSİN - TARSUS),11
ÖZEL İSTEM KOLEJİ ANADOLU LİSESİ (KAYSERİ - MELİKGAZİ),11
PATNOS SELAHADDİN EYYUBİ FEN LİSESİ (AĞRI - PATNOS),11
VİRANŞEHİR ANADOLU LİSESİ (ŞANLIURFA - VİRANŞEHİR),11
ANKARA ÜNİVERSİTESİ GELİŞTİRME VAKFI ÖZEL FEN LİSESİ (ANKARA - ÇANKAYA),11
ÖZEL BALIKESİR PUSULA FEN LİSESİ (BALIKESİR - ALTIEYLÜL),11
BETÜL CAN ANADOLU LİSESİ (ANKARA - ÇANKAYA),11
BODRUM ANADOLU LİSESİ (MUĞLA - BODRUM),11
BEŞİKDÜZÜ BORSA İSTANBUL FEN LİSESİ (TRABZON - BEŞİKDÜZÜ),11
YENİŞEHİR ANADOLU İMAM HATİP LİSESİ (MERSİN - YENİŞEHİR),11
İSKENDERUN PAŞA KARACA ANADOLU İMAM HATİP LİSESİ (HATAY - İSKENDERUN),11
NURULLAH EREN ANADOLU LİSESİ (BİTLİS - MERKEZ),11
ÖZEL ELMADAĞ AÇI FEN LİSESİ (ANKARA - ELMADAĞ),11
ÖZEL SAKARYA YANKI KOLEJİ ANADOLU LİSESİ (SAKARYA - ADAPAZARI),11
ÖZEL GENÇ ADIM FEN LİSESİ (SAMSUN - ATAKUM),11
EBU SADIK ANADOLU İMAM HATİP LİSESİ (ADIYAMAN - KAHTA),11
ÖZEL ÇUKUROVA KAVRAM KOLEJİ FEN LİSESİ (MERSİN - TARSUS),11
BİGA İÇDAŞ FEN LİSESİ (ÇANAKKALE - BİGA),11
MURADİYE ALPASLAN FEN LİSESİ (VAN - MURADİYE),11
ÖZEL İZMİR BAHÇEŞEHİR KOLEJİ ELLİNCİ YIL ANADOLU LİSESİ (İZMİR - BORNOVA),11
ORDU ANADOLU LİSESİ (ORDU - ALTINORDU),11
KAPAKLI ANADOLU LİSESİ (TEKİRDAĞ - KAPAKLI),11
ÖZEL DENİZLİ BAHÇEŞEHİR ANADOLU LİSESİ (DENİZLİ - MERKEZEFENDİ),11
NEVZAT AYAZ ANADOLU LİSESİ (İSTANBUL - ÜMRANİYE),11
DÜZİÇİ FEN LİSESİ (OSMANİYE - DÜZİÇİ),11
BAFRA ALTINKAYA ANADOLU LİSESİ (SAMSUN - BAFRA),11
ÖZEL MATFEN ANADOLU LİSESİ (ANKARA - ÇANKAYA),11
ÖZEL BURDUR BAHÇEŞEHİR KOLEJİ FEN LİSESİ (BURDUR - MERKEZ),11
OSMAN ÖTKEN ANADOLU LİSESİ (HATAY - ANTAKYA),11
KARŞIYAKA ANADOLU LİSESİ (BİNGÖL - MERKEZ),11
ABDULKADİR ÖZCAN ANADOLU İMAM HATİP LİSESİ (KIRŞEHİR - MERKEZ),11
ELAZIĞ ANADOLU LİSESİ (ELAZIĞ - MERKEZ),11
YAHYA KEMAL BEYATLI ANADOLU LİSESİ (ŞANLIURFA - HALİLİYE),11
ADAPAZARI ANADOLU İMAM HATİP LİSESİ (SAKARYA - ADAPAZARI),11
ÖZEL KARAOĞLAN FEN LİSESİ (KAHRAMANMARAŞ - AFŞİN),11
SİLİFKE ANADOLU LİSESİ (MERSİN - SİLİFKE),11
ÖZEL ÇUKURAMBAR DOĞA FEN VE TEKNOLOJİ LİSESİ (ANKARA - ÇANKAYA),11
NEVZAT KARALP ANADOLU LİSESİ (DENİZLİ - MERKEZEFENDİ),11
KAMAN BORSA İSTANBUL FEN LİSESİ (KIRŞEHİR - KAMAN),11
ÖZEL OĞUZHAN ÖZKAYA FEN LİSESİ (İZMİR - KARABAĞLAR),11
ŞEHİT TEVHİT AKKAN KIZ ANADOLU İMAM HATİP LİSESİ (ISPARTA - MERKEZ),11
DR. KEMAL NACİ EKŞİ ANADOLU LİSESİ (İSTANBUL - BAĞCILAR),11
ÖZEL ÇAĞRI FEN LİSESİ (ANKARA - KEÇİÖREN),11
ÖZEL NEVŞEHİR SİMYA FEN LİSESİ (NEVŞEHİR - MERKEZ),11
SELAHADDİN EYYUBİ ANADOLU İMAM HATİP LİSESİ (MALATYA - YEŞİLYURT),11
ŞEHİT HAKİ ARAS KIZ ANADOLU İMAM HATİP LİSESİ (İSTANBUL - BAŞAKŞEHİR),11
İBRAHİM BEDRETTİN ELMALI FEN LİSESİ (ANTALYA - ELMALI),11
ÖZEL TEKNONET FEN LİSESİ (GAZİANTEP - ŞEHİTKAMİL),11
BÜNYAN FEN LİSESİ (KAYSERİ - BÜNYAN),11
ÖZEL YALOVA GÜÇLÜ FEN LİSESİ (YALOVA - MERKEZ),11
ÖDEMİŞ TİCARET ODASI ANADOLU LİSESİ (İZMİR - ÖDEMİŞ),11
ADIYAMAN ANADOLU İMAM-HATİP LİSESİ (ADIYAMAN - MERKEZ),11
NERMİN MEHMET ÇEKİÇ ANADOLU LİSESİ (ANKARA - YENİMAHALLE),11
ÖZEL KIRŞEHİR SİMYA ANADOLU LİSESİ (KIRŞEHİR - MERKEZ),11
ARTUKLU ANADOLU İMAM HATİP LİSESİ (MARDİN - ARTUKLU),11
ÖZEL TUĞRA FEN LİSESİ (KONYA - BEYŞEHİR),11
KARATAY KONYA ANADOLU İMAM HATİP LİSESİ (KONYA - KARATAY),11
ÖZEL TAN ANADOLU LİSESİ (BURSA - NİLÜFER),11
ÖZEL SEV LİSESİ (İSTANBUL - ÇEKMEKÖY),11
ÖZEL AÇI KOLEJİ FEN LİSESİ (ERZURUM - PALANDÖKEN),11
ÖZEL ÜÇFEN ANADOLU LİSESİ (ANKARA - ÇANKAYA),11
TENZİLE ERDOĞAN ANADOLU LİSESİ (ISPARTA - MERKEZ),11
ÖZEL NOTRE DAME DE SION FRANSIZ LİSESİ (İSTANBUL - ŞİŞLİ),11
SUNGURLU FEN LİSESİ (ÇORUM - SUNGURLU),11
KANDIRA AKÇAKOCA ANADOLU LİSESİ (KOCAELİ - KANDIRA),11
SÜLEYMAN DEMİREL ANADOLU LİSESİ (ANKARA - SİNCAN),12
ÖZEL TARSUS KÖKLÜ ANADOLU LİSESİ (MERSİN - TARSUS),12
İSTEK ÖZEL BİLGE KAĞAN ANADOLU LİSESİ (İSTANBUL - BAKIRKÖY),12
ÖZEL ÇARŞAMBA MEKTEBİM KOLEJİ FEN LİSESİ (SAMSUN - ÇARŞAMBA),12
BAYBURT FEN LİSESİ (BAYBURT - MERKEZ),12
MÜMTAZ TURHAN ANADOLU LİSESİ (ERZURUM - PALANDÖKEN),12
HACI BEKTAŞ VELİ ANADOLU LİSESİ (İSTANBUL - KÜÇÜKÇEKMECE),12
ÖZEL KADIKÖY NAZMİ ARIKAN FEN BİLİMLERİ ANADOLU LİSESİ (İSTANBUL - KADIKÖY),12
ÖZEL BURSA KÜLTÜR FEN LİSESİ (BURSA - MUDANYA),12
TAŞKÖPRÜ FEN LİSESİ (KASTAMONU - TAŞKÖPRÜ),12
ÖZEL ANTALYA BAHÇEŞEHİR ANADOLU LİSESİ (ANTALYA - DÖŞEMEALTI),12
ÖZEL TOKAT YÖNTEM ANADOLU LİSESİ (TOKAT - MERKEZ),12
ERDOĞAN AKDAĞ FEN LİSESİ (YOZGAT - MERKEZ),12
ÖZEL BAHÇEŞEHİR KOLEJİ DR. BURHAN KARA FEN LİSESİ (ANKARA - ETİMESGUT),12
ÖZEL ÖZLÜCE SINAV KOLEJİ FEN LİSESİ (BURSA - NİLÜFER),12
ÖZEL KARADENİZ EREĞLİ DOĞA FEN LİSESİ (ZONGULDAK - EREĞLİ),12
BEYDAĞI ANADOLU LİSESİ (MALATYA - YEŞİLYURT),12
GÜLİZAR ZEKİ OBDAN ANADOLU LİSESİ (İSTANBUL - PENDİK),12
AYVACIK FEN LİSESİ (ÇANAKKALE - AYVACIK),12
ÖZEL MURATPAŞA BİRİKİM ANADOLU LİSESİ (ANTALYA - MURATPAŞA),12
ALP OĞUZ ANADOLU LİSESİ (İZMİR - ALİAĞA),12
ÖZEL GÜZELBAHÇE BAHÇEŞEHİR KOLEJİ ANADOLU LİSESİ (İZMİR - GÜZELBAHÇE),12
ERZİNCAN LİSESİ (ERZİNCAN - MERKEZ),12
ÖZEL BEYLİKDÜZÜ AÇI ANADOLU LİSESİ (İSTANBUL - BEYLİKDÜZÜ),12
ÖZEL İSTANBUL MODERN İLİMLER ANADOLU LİSESİ (MUĞLA - MİLAS),12
ÖZEL BEŞTEPE ANADOLU LİSESİ (ANKARA - GÖLBAŞI),12
SUNGURBEY ANADOLU LİSESİ (ADANA - ÇUKUROVA),12
FARABİ ANADOLU LİSESİ (OSMANİYE - MERKEZ),12
ARDAHAN FEN LİSESİ (ARDAHAN - MERKEZ),12
MUSTAFA SAFFET ANADOLU LİSESİ (İSTANBUL - KADIKÖY),12
SANCAKTEPE ARİF NİHAT ASYA ANADOLU LİSESİ (İSTANBUL - SANCAKTEPE),12
SAMANDAĞ ATATÜRK ANADOLU LİSESİ (HATAY - SAMANDAĞ),12
AKİF İNAN ANADOLU İMAM HATİP LİSESİ (İSTANBUL - BAŞAKŞEHİR),12
ÖZEL SAMSUN ATAKENT FİNAL AKADEMİ FEN LİSESİ (SAMSUN - ATAKUM),12
AYRANCI ANADOLU LİSESİ (ANKARA - ÇANKAYA),12
CENGİZHAN ANADOLU LİSESİ (İSTANBUL - KAĞITHANE),12
MEHMET CADIL ANADOLU LİSESİ (BURDUR - BUCAK),12
HÜMEYRA ÖKTEN KIZ ANADOLU İMAM HATİP LİSESİ (ADANA - ÇUKUROVA),12
SELAHADDİNİ EYYUBİ ANADOLU LİSESİ (DİYARBAKIR - YENİŞEHİR),12
KOCAELİ ANADOLU LİSESİ (KOCAELİ - BAŞİSKELE),12
ÖMER ÇAM ANADOLU İMAM HATİP LİSESİ (İSTANBUL - PENDİK),12
NEVZAT KARABAĞ ANADOLU LİSESİ (ERZURUM - PALANDÖKEN),12
ÖZEL MEZAİM KİRAZ FEN LİSESİ (ANKARA - POLATLI),12
SENAN İDİN FEN LİSESİ (ŞIRNAK - SİLOPİ),12
ŞEHİT MUHAMMED FAZLI DEMİR ANADOLU İMAM HATİP LİSESİ (İSTANBUL - SULTANBEYLİ),12
ERDEMLİ BORSA İSTANBUL FEN LİSESİ (MERSİN - ERDEMLİ),12
OF FEN LİSESİ (TRABZON - OF),12
BURSA ATATÜRK ANADOLU LİSESİ (BURSA - OSMANGAZİ),12
15 TEMMUZ ŞEHİTLERİ ANADOLU LİSESİ (AĞRI - MERKEZ),12
ÖZEL DİYARBAKIR BAHÇEŞEHİR FEN LİSESİ (DİYARBAKIR - SUR),12
SERİK FEN LİSESİ (ANTALYA - SERİK),12
ÖZEL ONİKİŞUBAT DOĞA KOLEJİ FEN LİSESİ (KAHRAMANMARAŞ - ONİKİŞUBAT),12
ERCİŞ FEN LİSESİ (VAN - ERCİŞ),12
ÖZEL FİNAL FEN LİSESİ (ERZURUM - PALANDÖKEN),12
YAKUTİYE ANADOLU İMAM HATİP LİSESİ (ERZURUM - YAKUTİYE),12
ÖZEL DENİZLİ İSTEK FEN LİSESİ (DENİZLİ - MERKEZEFENDİ),12
ÖZEL SEMBOL ANADOLU LİSESİ (ANKARA - ÇANKAYA),12
MEHMET GÜNEŞ ANADOLU LİSESİ (ŞANLIURFA - HALİLİYE),12
GÜLER ŞEVKİ ÖZBEK ANADOLU LİSESİ (DİYARBAKIR - BAĞLAR),12
YAHYA KEMAL BEYATLI ANADOLU LİSESİ (İSTANBUL - BAKIRKÖY),12
TED SAMSUN KOLEJİ ÖZEL LİSESİ (SAMSUN - ATAKUM),12
OSMAN GAZİ FEN LİSESİ (KIRIKKALE - MERKEZ),12
BAŞKENT ÜNİVERSİTESİ ÖZEL İSKENDERUN BAŞKENT FEN LİSESİ (HATAY - İSKENDERUN),12
PROF.DR.NECMETTİN ERBAKAN ANADOLU İMAM HATİP LİSESİ (ŞANLIURFA - HALİLİYE),12
ÖZEL RASİM ŞAHİNKAYA ANADOLU LİSESİ (BURSA - NİLÜFER),12
SURUÇ FEN LİSESİ (ŞANLIURFA - SURUÇ),12
KARAKÖPRÜ HATİCE KÜBRA KIZ ANADOLU İMAM HATİP LİSESİ (ŞANLIURFA - KARAKÖPRÜ),12
DÜZCE ARSAL ANADOLU LİSESİ (DÜZCE - MERKEZ),12
ÖZEL MUTLU EĞİTİM MODELİ ANADOLU LİSESİ (ŞANLIURFA - KARAKÖPRÜ),12
ÖZEL SALİHLİ NAZMİ ARIKAN FEN BİLİMLERİ FEN LİSESİ (MANİSA - SALİHLİ),12
ÖZEL ANKARA SANAYİ ODASI MESLEKİ VE TEKNİK ANADOLU LİSESİ (ANKARA - SİNCAN),12
ÖZEL SAMSUN SINAV KOLEJİ FEN VE TEKNOLOJİ LİSESİ (SAMSUN - ATAKUM),12
CUMHURİYET ANADOLU LİSESİ (DENİZLİ - PAMUKKALE),12
SAKARYA ANADOLU LİSESİ (SAKARYA - SERDİVAN),12
ŞEHİT MUHAMMED İSLAM ALTUĞ ANADOLU İMAM HATİP LİSESİ (YALOVA - ÇİFTLİKKÖY),12
ÖZEL KARADAĞ FEN LİSESİ (KARAMAN - MERKEZ),12
ANKARA KIZ ANADOLU İMAM HATİP LİSESİ (ANKARA - ALTINDAĞ),12
ANTALYA ANADOLU İMAM HATİP LİSESİ (ANTALYA - MURATPAŞA),12
NECİP FAZIL KISAKÜREK ANADOLU LİSESİ (DİYARBAKIR - BAĞLAR),12
ÇAYELİ FEN LİSESİ (RİZE - ÇAYELİ),12
ÖZEL İSKENDERUN UĞUR FEN LİSESİ (HATAY - İSKENDERUN),12
AFYONKARAHİSAR KIZ ANADOLU İMAM HATİP LİSESİ (AFYONKARAHİSAR - MERKEZ),12
ŞEHİT ÖMER TAKDEMİR ANADOLU İMAM HATİP LİSESİ (ANKARA - ÇUBUK),12
ÖZEL AYDIN FİNAL AKADEMİ FEN LİSESİ (AYDIN - EFELER),12
CUMHURİYET ANADOLU LİSESİ (İSTANBUL - SULTANGAZİ),12
ÖZEL BATIKENT SINAV ANADOLU LİSESİ (ANKARA - YENİMAHALLE),13
HASANOĞLAN ATATÜRK FEN LİSESİ (ANKARA - ELMADAĞ),13
ÇERKEZKÖY ANADOLU LİSESİ (TEKİRDAĞ - ÇERKEZKÖY),13
KUŞADASI MAKBULE HASAN UÇAR ANADOLU LİSESİ (AYDIN - KUŞADASI),13
ÖZEL DERYA ÖNCÜ ANADOLU LİSESİ (İSTANBUL - ÜSKÜDAR),13
ŞEVKİYE ÖZEL FEN LİSESİ (DENİZLİ - ÇİVRİL),13
NECMİ ASFUROĞLU ANADOLU LİSESİ (HATAY - DEFNE),13
ÖZEL ÇAĞDAŞ ÖNCÜ ANADOLU LİSESİ (BURSA - NİLÜFER),13
NECİP FAZIL KISAKÜREK FEN LİSESİ (MANİSA - DEMİRCİ),13
ÖZEL DÜZİÇİ SINAV ANADOLU LİSESİ (OSMANİYE - DÜZİÇİ),13
MANİSA HASAN TÜREK ANADOLU LİSESİ (MANİSA - YUNUSEMRE),13
ŞEHİT EROL OLÇOK ANADOLU İMAM HATİP LİSESİ (KAHRAMANMARAŞ - ONİKİŞUBAT),13
VAN ATATÜRK ANADOLU LİSESİ (VAN - İPEKYOLU),13
HASAN ÇOLAK ANADOLU LİSESİ (ANTALYA - ALANYA),13
ÖZEL İNTEGRAL FEN LİSESİ (MALATYA - YEŞİLYURT),13
ÖZEL ALTINELLER FEN LİSESİ (ADANA - ÇUKUROVA),13
ARDEŞEN ŞEHİT ÖMER HALİSDEMİR FEN LİSESİ (RİZE - ARDEŞEN),13
ÖĞRENCİDEN ARMAĞAN ANADOLU LİSESİ (İSTANBUL - BAŞAKŞEHİR),13
ÖZEL SAMSUN BAHÇEŞEHİR KOLEJİ ATAKUM ANADOLU LİSESİ (SAMSUN - ATAKUM),13
ÖZEL MANAVGAT BAHÇEŞEHİR KOLEJİ FEN LİSESİ (ANTALYA - MANAVGAT),13
ŞEHİT FEVZİ BAŞARAN ANADOLU İMAM HATİP LİSESİ (BURSA - İNEGÖL),13
SÜLEYMAN DEMİREL ANADOLU LİSESİ (HATAY - DÖRTYOL),13
MEHMET AKİF ERSOY ANADOLU LİSESİ (BATMAN - MERKEZ),13
MEHMET-HANİFE YAPICI ANADOLU LİSESİ (KONYA - KARATAY),13
DENİZLİ ANADOLU İMAM HATİP LİSESİ (DENİZLİ - MERKEZEFENDİ),13
HALİS GÜLLE ANADOLU LİSESİ (SİVAS - MERKEZ),13
BURSA MERKEZ ANADOLU İMAM HATİP LİSESİ (BURSA - YILDIRIM),13
BURSA AHMET VEFİK PAŞA ANADOLU LİSESİ (BURSA - YILDIRIM),13
TURGUTLU ANADOLU LİSESİ (MANİSA - TURGUTLU),13
FETHİYE ANADOLU LİSESİ (MUĞLA - FETHİYE),13
HACI MALİKE MEHMET BİLEYDİ ANADOLU LİSESİ (ANTALYA - MURATPAŞA),13
ÖZEL SİVAS BATI FEN LİSESİ (SİVAS - MERKEZ),13
KÜÇÜKÇEKMECE ANADOLU LİSESİ (İSTANBUL - KÜÇÜKÇEKMECE),13
ERTUĞRUL KURDOĞLU FEN LİSESİ (ARTVİN - ARHAVİ),13
ÇERMİK FEN LİSESİ (DİYARBAKIR - ÇERMİK),13
ŞEHİT ÖMER HALİSDEMİR ANADOLU LİSESİ (ANKARA - ETİMESGUT),13
NAMIK KEMAL LİSESİ (TEKİRDAĞ - SÜLEYMANPAŞA),13
ÖZEL KONYA SİSTEM FEN LİSESİ (KONYA - SELÇUKLU),13
ÖVGÜ TERZİBAŞIOĞLU ANADOLU LİSESİ (İZMİR - KARABAĞLAR),13
RAHMİ KULA ANADOLU LİSESİ (BALIKESİR - KARESİ),13
BULANCAK FEN LİSESİ (GİRESUN - BULANCAK),13
HATİCE-LÜTFÜ AKCAN ANADOLU LİSESİ (GAZİANTEP - ŞEHİTKAMİL),13
ŞEHİT ARSLAN KULAKSIZ FEN LİSESİ (MUŞ - MALAZGİRT),13
AHMET NAZİF ZORLU FEN LİSESİ (DENİZLİ - BABADAĞ),13
BANDIRMA ANADOLU LİSESİ (BALIKESİR - BANDIRMA),13
VAN ANADOLU İMAM HATİP LİSESİ (VAN - İPEKYOLU),13
GÜLŞEN BATAR ANADOLU LİSESİ (GAZİANTEP - ŞAHİNBEY),13
ÖZEL UFUK ÇİZGİSİ FEN LİSESİ (ESKİŞEHİR - ODUNPAZARI),13
ÖZEL ANKARA AÇI KOLEJİ FEN LİSESİ (ANKARA - YENİMAHALLE),13
OSMAN ULUBAŞ ANADOLU LİSESİ (KAYSERİ - MELİKGAZİ),13
OSMAN NURİ HEKİMOĞLU ANADOLU LİSESİ (KONYA - SELÇUKLU),13
RIDVAN ÇELİKEL FEN LİSESİ (SAMSUN - KAVAK),13
AKÇADAĞ FATİH FEN LİSESİ (MALATYA - AKÇADAĞ),13
ÖZEL BAŞAKŞEHİR BİREY ANADOLU LİSESİ (İSTANBUL - BAŞAKŞEHİR),13
MUŞ ANADOLU LİSESİ (MUŞ - MERKEZ),13
VEZİRKÖPRÜ HATİCE-KEMAL KAYALIOĞLU FEN LİSESİ (SAMSUN - VEZİRKÖPRÜ),13
TÜRKİYE ODALAR VE BORSALAR BİRLİĞİ İZZETTİN DÜNDAR ANADOLU LİSESİ (MARDİN - KIZILTEPE),13
İHRAMCIZADE ANADOLU İMAM HATİP LİSESİ (SİVAS - MERKEZ),13
KIRIMLI FAZİLET OLCAY ANADOLU LİSESİ (İSTANBUL - PENDİK),13
ŞEHİT ABDULLAH ÜMİT SERCAN ANADOLU LİSESİ (ANTALYA - ALANYA),13
ÖZEL KEÇİÖREN SINAV ANADOLU LİSESİ (ANKARA - KEÇİÖREN),13
ÖZEL TOROS FEN LİSESİ (MERSİN - YENİŞEHİR),13
ŞEHİT OSMAN ALTINKUYU ANADOLU LİSESİ (YALOVA - MERKEZ),13
İSTANBUL ATATÜRK ANADOLU LİSESİ (İSTANBUL - BEYOĞLU),13
ÖZEL BAHÇEŞEHİR KOLEJİ ANADOLU LİSESİ (YALOVA - ÇİFTLİKKÖY),13
ŞEHİT SERCAN ÖZTÜRK ANADOLU LİSESİ (ANKARA - YENİMAHALLE),13
KÜTAHYA AKŞEMSETTİN KIZ ANADOLU İMAM HATİP LİSESİ (KÜTAHYA - MERKEZ),13
ŞEHİT KÜBRA DOĞANAY FEN LİSESİ (KAYSERİ - YEŞİLHİSAR),13
GAZİEMİR NEVVAR SALİH İŞGÖREN ANADOLU LİSESİ (İZMİR - GAZİEMİR),13
ÖZEL KOŞUYOLU FİNAL ANADOLU LİSESİ (İSTANBUL - KADIKÖY),13
ÖZEL DİYARBAKIR FİNAL FEN LİSESİ (DİYARBAKIR - KAYAPINAR),13
AFYON LİSESİ (AFYONKARAHİSAR - MERKEZ),13
ÖZEL KONYA ŞEHİR ANADOLU LİSESİ (KONYA - SELÇUKLU),13
KAYSERİ ANADOLU İMAM HATİP LİSESİ (KAYSERİ - MELİKGAZİ),13
ISPARTA ANADOLU LİSESİ (ISPARTA - MERKEZ),13
GÖKSUN FEN LİSESİ (KAHRAMANMARAŞ - GÖKSUN),13
TÜRKAN HALİT AYKILIÇ FEN LİSESİ (ŞANLIURFA - BİRECİK),13
15 TEMMUZ ŞEHİTLER ANADOLU LİSESİ (TOKAT - MERKEZ),13
İSMET AYŞE BEHZATOĞLU ANADOLU LİSESİ (HATAY - REYHANLI),13
ÖZEL ÜÇLER ANADOLU LİSESİ (ANKARA - ÇANKAYA),13
ÖZEL ÖZLÜCE TAN ANADOLU LİSESİ (BURSA - NİLÜFER),13
HAVZA FEN LİSESİ (SAMSUN - HAVZA),13
ŞEHİT KEMAL TOSUN ANADOLU İMAM HATİP LİSESİ (NİĞDE - MERKEZ),13
TOKİ KÖPRÜLÜ ANADOLU LİSESİ (ADANA - YÜREĞİR),13
ÜSKÜDAR AHMET KELEŞOĞLU ANADOLU LİSESİ (İSTANBUL - ÜSKÜDAR),14
GAZİANTEP LİSESİ (GAZİANTEP - ŞAHİNBEY),14
ERZURUM ANADOLU LİSESİ (ERZURUM - YAKUTİYE),14
RECEP TAYYİP ERDOĞAN ANADOLU İMAM HATİP LİSESİ (BURDUR - MERKEZ),14
ÖZEL SAMSUN BOĞAZİÇİ FEN LİSESİ (SAMSUN - ATAKUM),14
ÖZEL SAMANDAĞ EKİN ANADOLU LİSESİ (HATAY - SAMANDAĞ),14
SİNOP SARI SALTUK ANADOLU LİSESİ (SİNOP - MERKEZ),14
ULUSLARARASI KAPTAN AHMET ERDOĞAN ANADOLU İMAM HATİP LİSESİ (İSTANBUL - BAYRAMPAŞA),14
FMV ÖZEL AYAZAĞA IŞIK LİSESİ (İSTANBUL - SARIYER),14
GÖRELE NİHAT GÜREL FEN LİSESİ (GİRESUN - GÖRELE),14
ŞEHİT VELİT BEKDAŞ ANADOLU LİSESİ (ANKARA - ETİMESGUT),14
DÜNDAR ÇİLOĞLU ANADOLU LİSESİ (MANİSA - YUNUSEMRE),14
TORBALI SEMA KARHAN ANADOLU LİSESİ (İZMİR - TORBALI),14
ÖZEL BURSA EĞİTİM KALESİ ANADOLU LİSESİ (BURSA - NİLÜFER),14
ELAZIĞ LİSESİ (ELAZIĞ - MERKEZ),14
ŞİŞLİ ANADOLU LİSESİ (İSTANBUL - ŞİŞLİ),14
ÖZEL YENİMAHALLE SINAV ANADOLU LİSESİ (ANKARA - YENİMAHALLE),14
ÖZEL GÖYMEN ANADOLU LİSESİ (İZMİR - BORNOVA),14
TÜRK EĞİTİM VAKFI ANADOLU LİSESİ (DENİZLİ - PAMUKKALE),14
ÖZEL ERYAMAN BİLİM DOĞA ANADOLU LİSESİ (ANKARA - ETİMESGUT),14
ŞEHİT MURAT KOCATÜRK ANADOLU İMAM HATİP LİSESİ (İSTANBUL - AVCILAR),14
ERKAN - VOLKAN YİĞİT ANADOLU İMAM HATİP LİSESİ (ANKARA - SİNCAN),14
GÜLSER-MEHMET BOLLUK ANADOLU LİSESİ (BALIKESİR - ALTIEYLÜL),14
ŞEMSETTİN ONAY ANADOLU LİSESİ (HAKKARİ - YÜKSEKOVA),14
BUCA 85.YIL ANADOLU LİSESİ (İZMİR - BUCA),14
HÜSEYİN BÜRGE ANADOLU LİSESİ (İSTANBUL - BAYRAMPAŞA),14
FATİH SULTAN MEHMET ANADOLU LİSESİ (DİYARBAKIR - KAYAPINAR),14
KASTAMONU GÖL ANADOLU LİSESİ (KASTAMONU - MERKEZ),14
BİLGİ ANADOLU LİSESİ (ADIYAMAN - MERKEZ),14
ATATÜRK ANADOLU LİSESİ (SAMSUN - İLKADIM),14
AĞRI DAĞI ANADOLU LİSESİ (AĞRI - MERKEZ),14
BEŞİR BALCIOĞLU ANADOLU LİSESİ (İSTANBUL - BEYLİKDÜZÜ),14
ÖZEL BİLKENT LİSESİ (ANKARA - ÇANKAYA),14
ÖZEL AKDENİZ KOLEJİ (ADANA - SEYHAN),14
ÖZEL ANKA ANADOLU LİSESİ (SAKARYA - ADAPAZARI),14
SİVEREK KARACADAĞ ANADOLU LİSESİ (ŞANLIURFA - SİVEREK),14
KANDİLLİ KIZ LİSESİ (İSTANBUL - ÜSKÜDAR),14
ŞÜKRÜ GELİŞ FEN LİSESİ (ŞIRNAK - MERKEZ),14
PURSAKLAR AYYILDIZ ANADOLU LİSESİ (ANKARA - PURSAKLAR),14
TEVFİK İLERİ ANADOLU LİSESİ (RİZE - MERKEZ),14
TİRE KUTSAN ANADOLU LİSESİ (İZMİR - TİRE),14
ÖZEL İSKENDERUN TEKYILDIZ ANADOLU LİSESİ (HATAY - İSKENDERUN),14
ALİ ÖZTAYLAN ANADOLU İMAM HATİP LİSESİ (BALIKESİR - BANDIRMA),14
ÖZEL ANTALYA AÇI FEN LİSESİ (ANTALYA - MURATPAŞA),14
ÖZEL ELAZIĞ FİNAL AKADEMİ ANADOLU LİSESİ (ELAZIĞ - MERKEZ),14
KADRİYE ÇALIK ANADOLU LİSESİ (KAHRAMANMARAŞ - DULKADİROĞLU),14
ERGÜN ÖNER - MEHMET ÖNER ANADOLU LİSESİ (İSTANBUL - GÜNGÖREN),14
HACI SÜLEYMAN ÇAKIR KIZ ANADOLU LİSESİ (ESKİŞEHİR - ODUNPAZARI),14
ÖZEL TUZKAYA ANADOLU LİSESİ (ANKARA - ÇANKAYA),14
ALİ UZUNOĞLU ANADOLU İMAM HATİP LİSESİ (MANİSA - SOMA),14
ŞEHİT ZEYNEP SAĞIR ANADOLU LİSESİ (ADANA - CEYHAN),14
TURHAN TAYAN ANADOLU LİSESİ (BURSA - MUDANYA),14
MURATPAŞA TÜRK TELEKOM ANADOLU LİSESİ (ANTALYA - MURATPAŞA),14
ŞEHİT FUAT BAHADIR BUHARALIOĞLU ANADOLU LİSESİ (YOZGAT - MERKEZ),14
BORSA İSTANBUL ANADOLU LİSESİ (GAZİANTEP - ŞAHİNBEY),14
VEDAT TOPÇUOĞLU ANADOLU LİSESİ (GAZİANTEP - ŞEHİTKAMİL),14
HASAN TEKİN ADA ANADOLU LİSESİ (DENİZLİ - PAMUKKALE),14
ÖZEL MAVİ KAVRAM ANADOLU LİSESİ (MARDİN - KIZILTEPE),14
ÖZEL SAMSUN FİNAL KOLEJİ (SAMSUN - ATAKUM),14
ÖZEL LÜLEBURGAZ AKIM ANADOLU LİSESİ (KIRKLARELİ - LÜLEBURGAZ),14
OLTU FEN LİSESİ (ERZURUM - OLTU),14
ÖZEL MAVİ ŞEHİR SINAV ANADOLU LİSESİ (İZMİR - KARŞIYAKA),14
ÖZEL NAZMİ ARIKAN FEN BİLİMLERİ CANİK FEN LİSESİ (ORDU - ÜNYE),14
ŞEHİT ALİ ER ANADOLU LİSESİ (AKSARAY - MERKEZ),14
NİHAL-TURGUT ANLAR ANADOLU LİSESİ (HATAY - ANTAKYA),14
ÖZEL AMASYA AÇI ANADOLU LİSESİ (AMASYA - MERKEZ),14
YÜKSEL ACUN ANADOLU LİSESİ (HATAY - SAMANDAĞ),14
ŞEHİT MEHMET DEMİR KIZ ANADOLU İMAM HATİP LİSESİ (GAZİANTEP - ŞEHİTKAMİL),14
ŞEHİT NURULLAH SABIRER FEN LİSESİ (AKSARAY - ORTAKÖY),14
ALİ EMİRİ ANADOLU LİSESİ (DİYARBAKIR - KAYAPINAR),14
ÖZEL GÜNEŞ KIZ FEN LİSESİ (ERZURUM - YAKUTİYE),14
ÖZEL SAMSUN FİNAL AKADEMİ FEN LİSESİ (SAMSUN - İLKADIM),14
İSMET ALKAN ANADOLU LİSESİ (HAKKARİ - YÜKSEKOVA),14
KONYA LİSESİ(ANADOLU) (KONYA - MERAM),14
AFŞİN FEN LİSESİ (KAHRAMANMARAŞ - AFŞİN),14
ÖZEL OĞUZHAN ÖZKAYA FEN LİSESİ (İZMİR - GÜZELBAHÇE),14
ERZURUM LİSESİ (ERZURUM - YAKUTİYE),14
MESUT ÖZATA ANADOLU LİSESİ (VAN - İPEKYOLU),14
ÖZEL ÖNCÜ KOLEJ ÇALDIRAN ANADOLU LİSESİ (ANKARA - KEÇİÖREN),14
ÖZEL ELAZIĞ YÖNTEMİM ANADOLU LİSESİ (ELAZIĞ - MERKEZ),14
ŞEHİT ÖMER HALİSDEMİR ANADOLU İMAM HATİP LİSESİ (KAYSERİ - KOCASİNAN),14
ÖZEL İRFAN FEN VE TEKNOLOJİ LİSESİ (İSTANBUL - ÜMRANİYE),14
MERAM MEHMET-MÜNEVVER KURBAN ANADOLU LİSESİ (KONYA - MERAM),14
ÖZEL ENDERUN FEN LİSESİ (KONYA - KARATAY),14
ÖZEL MUŞ FİNAL AKADEMİ ANADOLU LİSESİ (MUŞ - MERKEZ),14
DURSUN ALİ KURT ANADOLU İMAM HATİP LİSESİ (TRABZON - ORTAHİSAR),15
TÜRK TELEKOM ANADOLU İMAM HATİP LİSESİ (AMASYA - MERKEZ),15
ÖZEL CANİK UĞUR FEN LİSESİ (SAMSUN - CANİK),15
İZMİR ANADOLU LİSESİ (İZMİR - KARABAĞLAR),15
CELAL TORAMAN ANADOLU LİSESİ (BALIKESİR - BURHANİYE),15
MERKEZ ATATÜRK ANADOLU LİSESİ (KAHRAMANMARAŞ - ONİKİŞUBAT),15
ÖZEL YENİ ADANA ORTADOĞU ANADOLU LİSESİ (ADANA - ÇUKUROVA),15
KAĞIZMAN AHMET ARSLAN FEN LİSESİ (KARS - KAĞIZMAN),15
ÖZEL DERİK ÇÖZÜM ANADOLU LİSESİ (MARDİN - DERİK),15
ÖZEL ENVAR FEN LİSESİ (KONYA - SELÇUKLU),15
ÖZEL AKHİSAR KOLEJİ FEN LİSESİ (MANİSA - AKHİSAR),15
ROTARY 100.YIL ANADOLU LİSESİ (İSTANBUL - SARIYER),15
YERKÖY ŞEHİT İDRİS AYDOĞDU FEN LİSESİ (YOZGAT - YERKÖY),15
ÖZEL TRABZON BAHÇEŞEHİR KOLEJİ FEN VE TEKNOLOJİ LİSESİ (TRABZON - ORTAHİSAR),15
FMV ÖZEL ISPARTAKULE IŞIK FEN LİSESİ (İSTANBUL - AVCILAR),15
ANKARA LİSESİ (ANKARA - ALTINDAĞ),15
ÖZEL YÜCE KOLEJİ (ANKARA - ÇANKAYA),15
ÖZEL TÜMAY ANADOLU LİSESİ (ANKARA - ÇANKAYA),15
ÖZEL HİSARCIKLIOĞLU FEN LİSESİ (KAYSERİ - MELİKGAZİ),15
ÖZEL YEDİ RENKLİ ÇINAR FEN LİSESİ (BURSA - MUDANYA),15
ÖZAY GÖNLÜM FEN LİSESİ (DENİZLİ - TAVAS),15
MECİDİYE ANADOLU LİSESİ (ERZURUM - YAKUTİYE),15
ŞIRNAK ANADOLU LİSESİ (ŞIRNAK - MERKEZ),15
ÖZEL BODRUM BAHÇEŞEHİR ANADOLU LİSESİ (MUĞLA - BODRUM),15
KAZIM KARABEKİR FEN LİSESİ (YOZGAT - AKDAĞMADENİ),15
KURTALAN ANADOLU LİSESİ (SİİRT - KURTALAN),15
ÖZEL MATFEN EMRE KARATAŞ ANADOLU LİSESİ (ANKARA - ÇANKAYA),15
ANKARA ÜNİVERSİTESİ GELİŞTİRME VAKFI OKULLARI ÖZEL ANADOLU LİSESİ (ANKARA - ÇANKAYA),15
ÖZEL ÜÇGEN ANADOLU LİSESİ (ANKARA - ETİMESGUT),15
GAZİ ÜNİVERSİTESİ VAKFI ÖZEL ANADOLU LİSESİ (ANKARA - ÇANKAYA),15
ÖZEL OKUYAN DOĞRULAYAN TARTIŞAN UZMANLAR ANADOLU LİSESİ (ODTU) (ANKARA - ÇANKAYA),15
ÇAYCUMA TİCARET VE SANAYİ ODASI FEN LİSESİ (ZONGULDAK - ÇAYCUMA),15
ÖZEL YÜCE FEN LİSESİ (ANKARA - ÇANKAYA),15
HASAN-SABRİYE GÜMÜŞ ANADOLU LİSESİ (İSTANBUL - SİLİVRİ),15
TOMARZA FEN LİSESİ (KAYSERİ - TOMARZA),15
ÖZEL ÇANKIRI KOLEJİ YILDIZTEPE FEN LİSESİ (ÇANKIRI - MERKEZ),15
KOCASİNAN AHMET EREN ANADOLU LİSESİ (KAYSERİ - KOCASİNAN),15
ESRA KARAKAYA ANADOLU LİSESİ (AYDIN - DİDİM),15
TÜRK TELEKOM FEN LİSESİ (SİNOP - BOYABAT),15
MEHMET AKİF ERSOY ANADOLU LİSESİ (TEKİRDAĞ - ÇORLU),15
ÖZEL MİLAS FİNAL AKADEMİ ANADOLU LİSESİ (MUĞLA - MİLAS),15
ŞEHİT MEHMET KARACATİLKİ ANADOLU İMAM HATİP LİSESİ (OSMANİYE - MERKEZ),15
ALİ RIZA ÖZDERİCİ KIZ ANADOLU İMAM HATİP LİSESİ (KAYSERİ - MELİKGAZİ),15
ŞEHİT ÖNDER GÜZEL KIZ ANADOLU İMAM HATİP LİSESİ (AKSARAY - MERKEZ),15
ÖZEL YAVUZ SELİM DAĞ FEN LİSESİ (ŞANLIURFA - KARAKÖPRÜ),15
SANDIKLI TÜRK TELEKOM FEN LİSESİ (AFYONKARAHİSAR - SANDIKLI),15
ÖZEL MODERN ORTADOĞU ANADOLU LİSESİ (ANKARA - ÇANKAYA),15
ÖZEL ÇORUM DOĞA FEN LİSESİ (ÇORUM - MERKEZ),15
MESLEKİ AÇIKÖĞRETİM LİSESİ ( - MERKEZE BAĞLI TAŞRA),15
GÖLBAŞI ANADOLU LİSESİ (ANKARA - GÖLBAŞI),15
ÇUBUK BEY ANADOLU LİSESİ (ELAZIĞ - MERKEZ),15
ÇATALCA ANADOLU LİSESİ (İSTANBUL - ÇATALCA),15
SAVRUN ŞEHİT MUSTAFA ÇİĞİLOĞLU ANADOLU LİSESİ (OSMANİYE - KADİRLİ),15
ŞEHİT ONUR KILIÇ ANADOLU İMAM HATİP LİSESİ (ŞANLIURFA - HALİLİYE),15
ÖZEL HATAY SINAV KOLEJİ FEN LİSESİ (HATAY - DEFNE),15
İSMET YILMAZ FEN LİSESİ (SİVAS - ŞARKIŞLA),15
ÇANKIRI 15 TEMMUZ ŞEHİTLER ANADOLU LİSESİ (ÇANKIRI - MERKEZ),15
HACI FETTAH KADOOĞLU ANADOLU LİSESİ (ŞIRNAK - CİZRE),15
ÖZEL KIZILTEPE ÇÖZÜM KOLEJİ ANADOLU LİSESİ (MARDİN - KIZILTEPE),15
YUNUS EMRE ANADOLU LİSESİ (BİNGÖL - MERKEZ),15
ÖZEL ÇORLU NAZMİ ARIKAN FEN BİLİMLERİ FEN LİSESİ (TEKİRDAĞ - ÇORLU),15
ODTÜ GELİŞTİRME VAKFI ÖZEL LİSESİ (ANKARA - ÇANKAYA),15
NİZAM KARASU ANADOLU İMAM HATİP LİSESİ (BURSA - OSMANGAZİ),15
MEHMET ÖZÖNCEL ANADOLU LİSESİ (ADANA - ÇUKUROVA),15
FATİH ANADOLU LİSESİ (RİZE - MERKEZ),15
ANKARA ÖZEL TEVFİK FİKRET ANADOLU LİSESİ (ANKARA - ÇANKAYA),15
ÖZEL ELBİSTAN YILDIZ KOLEJİ FEN LİSESİ (KAHRAMANMARAŞ - ELBİSTAN),15
MEHMET ÇELİKEL LİSESİ (ZONGULDAK - MERKEZ),15
ÖZEL ANKARA NAZMİ ARIKAN FEN BİLİMLERİ ANADOLU LİSESİ (ANKARA - ÇANKAYA),15
ŞEHİT SÜLEYMAN SORKUT ANADOLU LİSESİ (DİYARBAKIR - YENİŞEHİR),15
CELAL BAYAR ANADOLU LİSESİ (BURSA - GEMLİK),15
ÇORUM BAŞÖĞRETMEN ANADOLU LİSESİ (ÇORUM - MERKEZ),15
ÖZEL MANİSA FEN BİLİMLERİ FEN LİSESİ (MANİSA - YUNUSEMRE),15
ÖZEL NESİBE AYDIN YILDIZLAR ANADOLU LİSESİ (ANKARA - ETİMESGUT),15
MUSTAFA AZMİ DOĞAN ANADOLU LİSESİ (ANKARA - YENİMAHALLE),15
ÖZEL TAKEV ANADOLU LİSESİ (İZMİR - NARLIDERE),15
BORNOVA SUPHİ KOYUNCUOĞLU ANADOLU LİSESİ (İZMİR - BORNOVA),15
ÖZEL IŞIN YAMAN ANADOLU LİSESİ (ANKARA - POLATLI),15
GEBZE ANADOLU LİSESİ (KOCAELİ - GEBZE),15
TOBB BİNALİ YILDIRIM KIZ ANADOLU İMAM HATİP LİSESİ (ERZİNCAN - MERKEZ),15
TURAN ERDOĞAN YILMAZ FEN LİSESİ (ANTALYA - KAŞ),15
SİİRT LİSESİ (SİİRT - MERKEZ),15
HASAN ÇAPAN ANADOLU LİSESİ (GAZİANTEP - NİZİP),15
FMV. ÖZEL ERENKÖY IŞIK LİSESİ (İSTANBUL - KADIKÖY),15
TED ANKARA KOLEJİ VAKFI ÖZEL LİSESİ (ANKARA - GÖLBAŞI),15
